+ export DEBIAN_FRONTEND=noninteractive
+ DEBIAN_FRONTEND=noninteractive
+ apt-get update
Get:1 http://security.ubuntu.com/ubuntu jammy-security InRelease [129 kB]
Get:2 http://archive.ubuntu.com/ubuntu jammy InRelease [270 kB]
Get:3 http://security.ubuntu.com/ubuntu jammy-security/universe amd64 Packages [1321 kB]
Get:4 http://archive.ubuntu.com/ubuntu jammy-updates InRelease [128 kB]
Get:5 http://archive.ubuntu.com/ubuntu jammy-backports InRelease [127 kB]
Get:6 http://archive.ubuntu.com/ubuntu jammy/universe amd64 Packages [17.5 MB]
Get:7 http://security.ubuntu.com/ubuntu jammy-security/multiverse amd64 Packages [84.6 kB]
Get:8 http://security.ubuntu.com/ubuntu jammy-security/main amd64 Packages [4355 kB]
Get:9 http://security.ubuntu.com/ubuntu jammy-security/restricted amd64 Packages [7819 kB]
Get:10 http://archive.ubuntu.com/ubuntu jammy/restricted amd64 Packages [164 kB]
Get:11 http://archive.ubuntu.com/ubuntu jammy/multiverse amd64 Packages [266 kB]
Get:12 http://archive.ubuntu.com/ubuntu jammy/main amd64 Packages [1792 kB]
Get:13 http://archive.ubuntu.com/ubuntu jammy-updates/main amd64 Packages [4698 kB]
Get:14 http://archive.ubuntu.com/ubuntu jammy-updates/restricted amd64 Packages [8124 kB]
Get:15 http://archive.ubuntu.com/ubuntu jammy-updates/multiverse amd64 Packages [93.2 kB]
Get:16 http://archive.ubuntu.com/ubuntu jammy-updates/universe amd64 Packages [1623 kB]
Get:17 http://archive.ubuntu.com/ubuntu jammy-backports/main amd64 Packages [82.9 kB]
Get:18 http://archive.ubuntu.com/ubuntu jammy-backports/universe amd64 Packages [35.6 kB]
Fetched 48.6 MB in 6s (8024 kB/s)
Reading package lists...
+ apt-get install -y --no-install-recommends ca-certificates gnupg wget software-properties-common python3-pip git
Reading package lists...
Building dependency tree...
Reading state information...
The following additional packages will be installed:
  dbus dirmngr distro-info-data gir1.2-glib-2.0 gir1.2-packagekitglib-1.0
  git-man gnupg-l10n gnupg-utils gpg gpg-agent gpg-wks-client gpg-wks-server
  gpgconf gpgsm iso-codes libapparmor1 libappstream4 libargon2-1 libassuan0
  libbrotli1 libcap2-bin libcryptsetup12 libcurl3-gnutls libdbus-1-3
  libdevmapper1.02.1 libdw1 libelf1 liberror-perl libexpat1 libgdbm-compat4
  libgdbm6 libgirepository-1.0-1 libglib2.0-0 libglib2.0-bin libglib2.0-data
  libgstreamer1.0-0 libicu70 libip4tc2 libjson-c5 libkmod2 libksba8
  libldap-2.5-0 libmpdec3 libnghttp2-14 libnpth0 libpackagekit-glib2-18
  libpam-systemd libperl5.34 libpolkit-agent-1-0 libpolkit-gobject-1-0 libpsl5
  libpython3-stdlib libpython3.10-minimal libpython3.10-stdlib libreadline8
  librtmp1 libsasl2-2 libsasl2-modules-db libsqlite3-0 libssh-4 libstemmer0d
  libunwind8 libxml2 libxmlb2 libyaml-0-2 lsb-release media-types openssl
  packagekit perl perl-base perl-modules-5.34 pinentry-curses pkexec
  policykit-1 polkitd python-apt-common python3 python3-apt python3-blinker
  python3-cffi-backend python3-cryptography python3-dbus python3-distro
  python3-distutils python3-gi python3-httplib2 python3-importlib-metadata
  python3-jeepney python3-jwt python3-keyring python3-launchpadlib
  python3-lazr.restfulclient python3-lazr.uri python3-lib2to3 python3-minimal
  python3-more-itertools python3-oauthlib python3-pkg-resources
  python3-pyparsing python3-secretstorage python3-setuptools python3-six
  python3-software-properties python3-wadllib python3-wheel python3-zipp
  python3.10 python3.10-minimal readline-common systemd systemd-sysv
Suggested packages:
  default-dbus-session-bus | dbus-session-bus dbus-user-session
  pinentry-gnome3 tor gettext-base git-daemon-run | git-daemon-sysvinit
  git-doc git-email git-gui gitk gitweb git-cvs git-mediawiki git-svn
  parcimonie xloadimage scdaemon isoquery gdbm-l10n gstreamer1.0-tools
  appstream perl-doc libterm-readline-gnu-perl | libterm-readline-perl-perl
  make libtap-harness-archive-perl pinentry-doc python3-doc python3-tk
  python3-venv python3-apt-dbg python-apt-doc python-blinker-doc
  python-cryptography-doc python3-cryptography-vectors python-dbus-doc
  python3-crypto gir1.2-secret-1 gnome-keyring libkf5wallet-bin
  python3-keyrings.alt python3-testresources python-pyparsing-doc
  python-secretstorage-doc python-setuptools-doc python3.10-venv
  python3.10-doc binutils binfmt-support readline-doc systemd-container
  libfido2-1 libtss2-esys-3.0.2-0 libtss2-mu0 libtss2-rc0
Recommended packages:
  patch less ssh-client libpam-cap dmsetup shared-mime-info xdg-user-dirs
  libldap-common publicsuffix libsasl2-modules packagekit-tools netbase
  build-essential python3-dev unattended-upgrades networkd-dispatcher
  systemd-timesyncd | time-daemon libnss-systemd
The following NEW packages will be installed:
  ca-certificates dbus dirmngr distro-info-data gir1.2-glib-2.0
  gir1.2-packagekitglib-1.0 git git-man gnupg gnupg-l10n gnupg-utils gpg
  gpg-agent gpg-wks-client gpg-wks-server gpgconf gpgsm iso-codes libapparmor1
  libappstream4 libargon2-1 libassuan0 libbrotli1 libcap2-bin libcryptsetup12
  libcurl3-gnutls libdbus-1-3 libdevmapper1.02.1 libdw1 libelf1 liberror-perl
  libexpat1 libgdbm-compat4 libgdbm6 libgirepository-1.0-1 libglib2.0-0
  libglib2.0-bin libglib2.0-data libgstreamer1.0-0 libicu70 libip4tc2
  libjson-c5 libkmod2 libksba8 libldap-2.5-0 libmpdec3 libnghttp2-14 libnpth0
  libpackagekit-glib2-18 libpam-systemd libperl5.34 libpolkit-agent-1-0
  libpolkit-gobject-1-0 libpsl5 libpython3-stdlib libpython3.10-minimal
  libpython3.10-stdlib libreadline8 librtmp1 libsasl2-2 libsasl2-modules-db
  libsqlite3-0 libssh-4 libstemmer0d libunwind8 libxml2 libxmlb2 libyaml-0-2
  lsb-release media-types openssl packagekit perl perl-modules-5.34
  pinentry-curses pkexec policykit-1 polkitd python-apt-common python3
  python3-apt python3-blinker python3-cffi-backend python3-cryptography
  python3-dbus python3-distro python3-distutils python3-gi python3-httplib2
  python3-importlib-metadata python3-jeepney python3-jwt python3-keyring
  python3-launchpadlib python3-lazr.restfulclient python3-lazr.uri
  python3-lib2to3 python3-minimal python3-more-itertools python3-oauthlib
  python3-pip python3-pkg-resources python3-pyparsing python3-secretstorage
  python3-setuptools python3-six python3-software-properties python3-wadllib
  python3-wheel python3-zipp python3.10 python3.10-minimal readline-common
  software-properties-common systemd systemd-sysv wget
The following packages will be upgraded:
  perl-base
1 upgraded, 117 newly installed, 0 to remove and 8 not upgraded.
Need to get 54.1 MB of archives.
After this operation, 218 MB of additional disk space will be used.
Get:1 http://archive.ubuntu.com/ubuntu jammy-updates/main amd64 perl-base amd64 5.34.0-3ubuntu1.9 [1762 kB]
Get:2 http://archive.ubuntu.com/ubuntu jammy-updates/main amd64 libpython3.10-minimal amd64 3.10.12-1~22.04.18 [817 kB]
Get:3 http://archive.ubuntu.com/ubuntu jammy-updates/main amd64 libexpat1 amd64 2.4.7-1ubuntu0.9 [96.9 kB]
Get:4 http://archive.ubuntu.com/ubuntu jammy-updates/main amd64 python3.10-minimal amd64 3.10.12-1~22.04.18 [2277 kB]
Get:5 http://archive.ubuntu.com/ubuntu jammy-updates/main amd64 python3-minimal amd64 3.10.6-1~22.04.1 [24.3 kB]
Get:6 http://archive.ubuntu.com/ubuntu jammy/main amd64 media-types all 7.0.0 [25.5 kB]
Get:7 http://archive.ubuntu.com/ubuntu jammy/main amd64 libmpdec3 amd64 2.5.1-2build2 [86.8 kB]
Get:8 http://archive.ubuntu.com/ubuntu jammy/main amd64 readline-common all 8.1.2-1 [53.5 kB]
Get:9 http://archive.ubuntu.com/ubuntu jammy/main amd64 libreadline8 amd64 8.1.2-1 [153 kB]
Get:10 http://archive.ubuntu.com/ubuntu jammy-updates/main amd64 libsqlite3-0 amd64 3.37.2-2ubuntu0.8 [642 kB]
Get:11 http://archive.ubuntu.com/ubuntu jammy-updates/main amd64 libpython3.10-stdlib amd64 3.10.12-1~22.04.18 [1850 kB]
Get:12 http://archive.ubuntu.com/ubuntu jammy-updates/main amd64 python3.10 amd64 3.10.12-1~22.04.18 [508 kB]
Get:13 http://archive.ubuntu.com/ubuntu jammy-updates/main amd64 libpython3-stdlib amd64 3.10.6-1~22.04.1 [6812 B]
Get:14 http://archive.ubuntu.com/ubuntu jammy-updates/main amd64 python3 amd64 3.10.6-1~22.04.1 [22.8 kB]
Get:15 http://archive.ubuntu.com/ubuntu jammy-updates/main amd64 libapparmor1 amd64 3.0.4-2ubuntu2.5 [39.6 kB]
Get:16 http://archive.ubuntu.com/ubuntu jammy/main amd64 libargon2-1 amd64 0~20171227-0.3 [19.5 kB]
Get:17 http://archive.ubuntu.com/ubuntu jammy-updates/main amd64 libdevmapper1.02.1 amd64 2:1.02.175-2.1ubuntu5 [139 kB]
Get:18 http://archive.ubuntu.com/ubuntu jammy-updates/main amd64 libjson-c5 amd64 0.15-3~ubuntu1.22.04.2 [33.5 kB]
Get:19 http://archive.ubuntu.com/ubuntu jammy-updates/main amd64 libcryptsetup12 amd64 2:2.4.3-1ubuntu1.3 [211 kB]
Get:20 http://archive.ubuntu.com/ubuntu jammy-updates/main amd64 libip4tc2 amd64 1.8.7-1ubuntu5.2 [19.9 kB]
Get:21 http://archive.ubuntu.com/ubuntu jammy-updates/main amd64 libkmod2 amd64 29-1ubuntu1.1 [48.1 kB]
Get:22 http://archive.ubuntu.com/ubuntu jammy-updates/main amd64 systemd amd64 249.11-0ubuntu3.22 [4587 kB]
Get:23 http://archive.ubuntu.com/ubuntu jammy-updates/main amd64 systemd-sysv amd64 249.11-0ubuntu3.22 [10.5 kB]
Get:24 http://archive.ubuntu.com/ubuntu jammy-updates/main amd64 perl-modules-5.34 all 5.34.0-3ubuntu1.9 [2977 kB]
Get:25 http://archive.ubuntu.com/ubuntu jammy/main amd64 libgdbm6 amd64 1.23-1 [33.9 kB]
Get:26 http://archive.ubuntu.com/ubuntu jammy/main amd64 libgdbm-compat4 amd64 1.23-1 [6606 B]
Get:27 http://archive.ubuntu.com/ubuntu jammy-updates/main amd64 libperl5.34 amd64 5.34.0-3ubuntu1.9 [4796 kB]
Get:28 http://archive.ubuntu.com/ubuntu jammy-updates/main amd64 perl amd64 5.34.0-3ubuntu1.9 [232 kB]
Get:29 http://archive.ubuntu.com/ubuntu jammy-updates/main amd64 openssl amd64 3.0.2-0ubuntu1.29 [1185 kB]
Get:30 http://archive.ubuntu.com/ubuntu jammy-updates/main amd64 ca-certificates all 20260601~22.04.1 [141 kB]
Get:31 http://archive.ubuntu.com/ubuntu jammy-updates/main amd64 libdbus-1-3 amd64 1.12.20-2ubuntu4.1 [189 kB]
Get:32 http://archive.ubuntu.com/ubuntu jammy-updates/main amd64 dbus amd64 1.12.20-2ubuntu4.1 [158 kB]
Get:33 http://archive.ubuntu.com/ubuntu jammy-updates/main amd64 distro-info-data all 0.72-0ubuntu0.22.04.1 [5948 B]
Get:34 http://archive.ubuntu.com/ubuntu jammy-updates/main amd64 libglib2.0-0 amd64 2.72.4-0ubuntu2.10 [1469 kB]
Get:35 http://archive.ubuntu.com/ubuntu jammy/main amd64 libgirepository-1.0-1 amd64 1.72.0-1 [55.6 kB]
Get:36 http://archive.ubuntu.com/ubuntu jammy/main amd64 gir1.2-glib-2.0 amd64 1.72.0-1 [164 kB]
Get:37 http://archive.ubuntu.com/ubuntu jammy/main amd64 iso-codes all 4.9.0-1 [3459 kB]
Get:38 http://archive.ubuntu.com/ubuntu jammy-updates/main amd64 libcap2-bin amd64 1:2.44-1ubuntu0.22.04.3 [26.0 kB]
Get:39 http://archive.ubuntu.com/ubuntu jammy-updates/main amd64 libelf1 amd64 0.186-1ubuntu0.1 [51.1 kB]
Get:40 http://archive.ubuntu.com/ubuntu jammy-updates/main amd64 libglib2.0-data all 2.72.4-0ubuntu2.10 [5596 B]
Get:41 http://archive.ubuntu.com/ubuntu jammy/main amd64 libicu70 amd64 70.1-2 [10.6 MB]
Get:42 http://archive.ubuntu.com/ubuntu jammy-updates/main amd64 libpam-systemd amd64 249.11-0ubuntu3.22 [203 kB]
Get:43 http://archive.ubuntu.com/ubuntu jammy-updates/main amd64 libxml2 amd64 2.9.13+dfsg-1ubuntu0.13 [764 kB]
Get:44 http://archive.ubuntu.com/ubuntu jammy/main amd64 libyaml-0-2 amd64 0.2.2-1build2 [51.6 kB]
Get:45 http://archive.ubuntu.com/ubuntu jammy/main amd64 lsb-release all 11.1.0ubuntu4 [10.8 kB]
Get:46 http://archive.ubuntu.com/ubuntu jammy-updates/main amd64 python-apt-common all 2.4.0ubuntu4.1 [14.7 kB]
Get:47 http://archive.ubuntu.com/ubuntu jammy-updates/main amd64 python3-apt amd64 2.4.0ubuntu4.1 [164 kB]
Get:48 http://archive.ubuntu.com/ubuntu jammy/main amd64 python3-dbus amd64 1.2.18-3build1 [99.5 kB]
Get:49 http://archive.ubuntu.com/ubuntu jammy-updates/main amd64 python3-gi amd64 3.42.1-0ubuntu1 [229 kB]
Get:50 http://archive.ubuntu.com/ubuntu jammy-updates/main amd64 python3-pkg-resources all 59.6.0-1.2ubuntu0.22.04.3 [133 kB]
Get:51 http://archive.ubuntu.com/ubuntu jammy-updates/main amd64 libnghttp2-14 amd64 1.43.0-1ubuntu0.4 [76.9 kB]
Get:52 http://archive.ubuntu.com/ubuntu jammy/main amd64 libpsl5 amd64 0.21.0-1.2build2 [58.4 kB]
Get:53 http://archive.ubuntu.com/ubuntu jammy-updates/main amd64 wget amd64 1.21.2-2ubuntu1.5 [339 kB]
Get:54 http://archive.ubuntu.com/ubuntu jammy/main amd64 libassuan0 amd64 2.5.5-1build1 [38.2 kB]
Get:55 http://archive.ubuntu.com/ubuntu jammy-updates/main amd64 gpgconf amd64 2.2.27-3ubuntu2.5 [94.3 kB]
Get:56 http://archive.ubuntu.com/ubuntu jammy-updates/main amd64 libksba8 amd64 1.6.0-2ubuntu0.2 [119 kB]
Get:57 http://archive.ubuntu.com/ubuntu jammy-updates/main amd64 libsasl2-modules-db amd64 2.1.27+dfsg2-3ubuntu1.2 [20.5 kB]
Get:58 http://archive.ubuntu.com/ubuntu jammy-updates/main amd64 libsasl2-2 amd64 2.1.27+dfsg2-3ubuntu1.2 [53.8 kB]
Get:59 http://archive.ubuntu.com/ubuntu jammy-updates/main amd64 libldap-2.5-0 amd64 2.5.20+dfsg-0ubuntu0.22.04.1 [184 kB]
Get:60 http://archive.ubuntu.com/ubuntu jammy/main amd64 libnpth0 amd64 1.6-3build2 [8664 B]
Get:61 http://archive.ubuntu.com/ubuntu jammy-updates/main amd64 dirmngr amd64 2.2.27-3ubuntu2.5 [293 kB]
Get:62 http://archive.ubuntu.com/ubuntu jammy-updates/main amd64 libpackagekit-glib2-18 amd64 1.2.5-2ubuntu3.1 [124 kB]
Get:63 http://archive.ubuntu.com/ubuntu jammy-updates/main amd64 gir1.2-packagekitglib-1.0 amd64 1.2.5-2ubuntu3.1 [25.3 kB]
Get:64 http://archive.ubuntu.com/ubuntu jammy/main amd64 libbrotli1 amd64 1.0.9-2build6 [315 kB]
Get:65 http://archive.ubuntu.com/ubuntu jammy/main amd64 librtmp1 amd64 2.4+20151223.gitfa8646d.1-2build4 [58.2 kB]
Get:66 http://archive.ubuntu.com/ubuntu jammy-updates/main amd64 libssh-4 amd64 0.9.6-2ubuntu0.22.04.8 [189 kB]
Get:67 http://archive.ubuntu.com/ubuntu jammy-updates/main amd64 libcurl3-gnutls amd64 7.81.0-1ubuntu1.29 [286 kB]
Get:68 http://archive.ubuntu.com/ubuntu jammy/main amd64 liberror-perl all 0.17029-1 [26.5 kB]
Get:69 http://archive.ubuntu.com/ubuntu jammy-updates/main amd64 git-man all 1:2.34.1-1ubuntu1.17 [954 kB]
Get:70 http://archive.ubuntu.com/ubuntu jammy-updates/main amd64 git amd64 1:2.34.1-1ubuntu1.17 [3174 kB]
Get:71 http://archive.ubuntu.com/ubuntu jammy-updates/main amd64 gnupg-l10n all 2.2.27-3ubuntu2.5 [54.5 kB]
Get:72 http://archive.ubuntu.com/ubuntu jammy-updates/main amd64 gnupg-utils amd64 2.2.27-3ubuntu2.5 [309 kB]
Get:73 http://archive.ubuntu.com/ubuntu jammy-updates/main amd64 gpg amd64 2.2.27-3ubuntu2.5 [519 kB]
Get:74 http://archive.ubuntu.com/ubuntu jammy/main amd64 pinentry-curses amd64 1.1.1-1build2 [34.4 kB]
Get:75 http://archive.ubuntu.com/ubuntu jammy-updates/main amd64 gpg-agent amd64 2.2.27-3ubuntu2.5 [209 kB]
Get:76 http://archive.ubuntu.com/ubuntu jammy-updates/main amd64 gpg-wks-client amd64 2.2.27-3ubuntu2.5 [62.7 kB]
Get:77 http://archive.ubuntu.com/ubuntu jammy-updates/main amd64 gpg-wks-server amd64 2.2.27-3ubuntu2.5 [57.6 kB]
Get:78 http://archive.ubuntu.com/ubuntu jammy-updates/main amd64 gpgsm amd64 2.2.27-3ubuntu2.5 [197 kB]
Get:79 http://archive.ubuntu.com/ubuntu jammy-updates/main amd64 gnupg all 2.2.27-3ubuntu2.5 [315 kB]
Get:80 http://archive.ubuntu.com/ubuntu jammy/main amd64 libstemmer0d amd64 2.2.0-1build1 [165 kB]
Get:81 http://archive.ubuntu.com/ubuntu jammy-updates/main amd64 libxmlb2 amd64 0.3.24-1~ubuntu0.22.04.1 [67.9 kB]
Get:82 http://archive.ubuntu.com/ubuntu jammy/main amd64 libappstream4 amd64 0.15.2-2 [192 kB]
Get:83 http://archive.ubuntu.com/ubuntu jammy-updates/main amd64 libdw1 amd64 0.186-1ubuntu0.1 [251 kB]
Get:84 http://archive.ubuntu.com/ubuntu jammy-updates/main amd64 libglib2.0-bin amd64 2.72.4-0ubuntu2.10 [80.9 kB]
Get:85 http://archive.ubuntu.com/ubuntu jammy-updates/main amd64 libunwind8 amd64 1.3.2-2build2.1 [54.5 kB]
Get:86 http://archive.ubuntu.com/ubuntu jammy-updates/main amd64 libgstreamer1.0-0 amd64 1.20.3-0ubuntu1.1 [984 kB]
Get:87 http://archive.ubuntu.com/ubuntu jammy-updates/main amd64 libpolkit-gobject-1-0 amd64 0.105-33ubuntu0.2 [41.9 kB]
Get:88 http://archive.ubuntu.com/ubuntu jammy-updates/main amd64 libpolkit-agent-1-0 amd64 0.105-33ubuntu0.2 [16.8 kB]
Get:89 http://archive.ubuntu.com/ubuntu jammy-updates/main amd64 polkitd amd64 0.105-33ubuntu0.2 [80.2 kB]
Get:90 http://archive.ubuntu.com/ubuntu jammy-updates/main amd64 pkexec amd64 0.105-33ubuntu0.2 [15.1 kB]
Get:91 http://archive.ubuntu.com/ubuntu jammy-updates/main amd64 policykit-1 amd64 0.105-33ubuntu0.2 [2440 B]
Get:92 http://archive.ubuntu.com/ubuntu jammy/main amd64 python3-blinker all 1.4+dfsg1-0.4 [14.0 kB]
Get:93 http://archive.ubuntu.com/ubuntu jammy/main amd64 python3-cffi-backend amd64 1.15.0-1build2 [77.4 kB]
Get:94 http://archive.ubuntu.com/ubuntu jammy-updates/main amd64 python3-cryptography amd64 3.4.8-1ubuntu2.4 [236 kB]
Get:95 http://archive.ubuntu.com/ubuntu jammy-updates/main amd64 python3-lib2to3 all 3.10.8-1~22.04 [77.6 kB]
Get:96 http://archive.ubuntu.com/ubuntu jammy-updates/main amd64 python3-distutils all 3.10.8-1~22.04 [139 kB]
Get:97 http://archive.ubuntu.com/ubuntu jammy/main amd64 python3-pyparsing all 2.4.7-1 [61.4 kB]
Get:98 http://archive.ubuntu.com/ubuntu jammy-updates/main amd64 python3-httplib2 all 0.20.2-2ubuntu0.1 [33.4 kB]
Get:99 http://archive.ubuntu.com/ubuntu jammy/main amd64 python3-more-itertools all 8.10.0-2 [47.9 kB]
Get:100 http://archive.ubuntu.com/ubuntu jammy-updates/main amd64 python3-zipp all 1.0.0-3ubuntu0.1 [6288 B]
Get:101 http://archive.ubuntu.com/ubuntu jammy/main amd64 python3-importlib-metadata all 4.6.4-1 [16.2 kB]
Get:102 http://archive.ubuntu.com/ubuntu jammy/main amd64 python3-jeepney all 0.7.1-3 [36.8 kB]
Get:103 http://archive.ubuntu.com/ubuntu jammy-updates/main amd64 python3-jwt all 2.3.0-1ubuntu0.3 [17.3 kB]
Get:104 http://archive.ubuntu.com/ubuntu jammy/main amd64 python3-secretstorage all 3.3.1-1 [13.2 kB]
Get:105 http://archive.ubuntu.com/ubuntu jammy/main amd64 python3-keyring all 23.5.0-1 [35.7 kB]
Get:106 http://archive.ubuntu.com/ubuntu jammy/main amd64 python3-lazr.uri all 1.0.6-2 [14.4 kB]
Get:107 http://archive.ubuntu.com/ubuntu jammy/main amd64 python3-wadllib all 1.3.6-1 [36.4 kB]
Get:108 http://archive.ubuntu.com/ubuntu jammy/main amd64 python3-distro all 1.7.0-1 [17.0 kB]
Get:109 http://archive.ubuntu.com/ubuntu jammy-updates/main amd64 python3-oauthlib all 3.2.0-1ubuntu0.1 [89.9 kB]
Get:110 http://archive.ubuntu.com/ubuntu jammy/main amd64 python3-six all 1.16.0-3ubuntu1 [12.6 kB]
Get:111 http://archive.ubuntu.com/ubuntu jammy/main amd64 python3-lazr.restfulclient all 0.14.4-1 [51.2 kB]
Get:112 http://archive.ubuntu.com/ubuntu jammy/main amd64 python3-launchpadlib all 1.10.16-1 [125 kB]
Get:113 http://archive.ubuntu.com/ubuntu jammy-updates/main amd64 python3-setuptools all 59.6.0-1.2ubuntu0.22.04.3 [340 kB]
Get:114 http://archive.ubuntu.com/ubuntu jammy-updates/universe amd64 python3-wheel all 0.37.1-2ubuntu0.22.04.1 [32.0 kB]
Get:115 http://archive.ubuntu.com/ubuntu jammy-updates/universe amd64 python3-pip all 22.0.2+dfsg-1ubuntu0.7 [1306 kB]
Get:116 http://archive.ubuntu.com/ubuntu jammy-updates/main amd64 python3-software-properties all 0.99.22.9 [28.8 kB]
Get:117 http://archive.ubuntu.com/ubuntu jammy-updates/main amd64 packagekit amd64 1.2.5-2ubuntu3.1 [442 kB]
Get:118 http://archive.ubuntu.com/ubuntu jammy-updates/main amd64 software-properties-common all 0.99.22.9 [14.1 kB]
debconf: delaying package configuration, since apt-utils is not installed
Fetched 54.1 MB in 9s (5986 kB/s)
(Reading database ... 
(Reading database ... 5%
(Reading database ... 10%
(Reading database ... 15%
(Reading database ... 20%
(Reading database ... 25%
(Reading database ... 30%
(Reading database ... 35%
(Reading database ... 40%
(Reading database ... 45%
(Reading database ... 50%
(Reading database ... 55%
(Reading database ... 60%
(Reading database ... 65%
(Reading database ... 70%
(Reading database ... 75%
(Reading database ... 80%
(Reading database ... 85%
(Reading database ... 90%
(Reading database ... 95%
(Reading database ... 100%
(Reading database ... 4393 files and directories currently installed.)
Preparing to unpack .../perl-base_5.34.0-3ubuntu1.9_amd64.deb ...
Unpacking perl-base (5.34.0-3ubuntu1.9) over (5.34.0-3ubuntu1.8) ...
Setting up perl-base (5.34.0-3ubuntu1.9) ...
Selecting previously unselected package libpython3.10-minimal:amd64.
(Reading database ... 
(Reading database ... 5%
(Reading database ... 10%
(Reading database ... 15%
(Reading database ... 20%
(Reading database ... 25%
(Reading database ... 30%
(Reading database ... 35%
(Reading database ... 40%
(Reading database ... 45%
(Reading database ... 50%
(Reading database ... 55%
(Reading database ... 60%
(Reading database ... 65%
(Reading database ... 70%
(Reading database ... 75%
(Reading database ... 80%
(Reading database ... 85%
(Reading database ... 90%
(Reading database ... 95%
(Reading database ... 100%
(Reading database ... 4393 files and directories currently installed.)
Preparing to unpack .../libpython3.10-minimal_3.10.12-1~22.04.18_amd64.deb ...
Unpacking libpython3.10-minimal:amd64 (3.10.12-1~22.04.18) ...
Selecting previously unselected package libexpat1:amd64.
Preparing to unpack .../libexpat1_2.4.7-1ubuntu0.9_amd64.deb ...
Unpacking libexpat1:amd64 (2.4.7-1ubuntu0.9) ...
Selecting previously unselected package python3.10-minimal.
Preparing to unpack .../python3.10-minimal_3.10.12-1~22.04.18_amd64.deb ...
Unpacking python3.10-minimal (3.10.12-1~22.04.18) ...
Setting up libpython3.10-minimal:amd64 (3.10.12-1~22.04.18) ...
Setting up libexpat1:amd64 (2.4.7-1ubuntu0.9) ...
Setting up python3.10-minimal (3.10.12-1~22.04.18) ...
Selecting previously unselected package python3-minimal.
(Reading database ... 
(Reading database ... 5%
(Reading database ... 10%
(Reading database ... 15%
(Reading database ... 20%
(Reading database ... 25%
(Reading database ... 30%
(Reading database ... 35%
(Reading database ... 40%
(Reading database ... 45%
(Reading database ... 50%
(Reading database ... 55%
(Reading database ... 60%
(Reading database ... 65%
(Reading database ... 70%
(Reading database ... 75%
(Reading database ... 80%
(Reading database ... 85%
(Reading database ... 90%
(Reading database ... 95%
(Reading database ... 100%
(Reading database ... 4697 files and directories currently installed.)
Preparing to unpack .../0-python3-minimal_3.10.6-1~22.04.1_amd64.deb ...
Unpacking python3-minimal (3.10.6-1~22.04.1) ...
Selecting previously unselected package media-types.
Preparing to unpack .../1-media-types_7.0.0_all.deb ...
Unpacking media-types (7.0.0) ...
Selecting previously unselected package libmpdec3:amd64.
Preparing to unpack .../2-libmpdec3_2.5.1-2build2_amd64.deb ...
Unpacking libmpdec3:amd64 (2.5.1-2build2) ...
Selecting previously unselected package readline-common.
Preparing to unpack .../3-readline-common_8.1.2-1_all.deb ...
Unpacking readline-common (8.1.2-1) ...
Selecting previously unselected package libreadline8:amd64.
Preparing to unpack .../4-libreadline8_8.1.2-1_amd64.deb ...
Unpacking libreadline8:amd64 (8.1.2-1) ...
Selecting previously unselected package libsqlite3-0:amd64.
Preparing to unpack .../5-libsqlite3-0_3.37.2-2ubuntu0.8_amd64.deb ...
Unpacking libsqlite3-0:amd64 (3.37.2-2ubuntu0.8) ...
Selecting previously unselected package libpython3.10-stdlib:amd64.
Preparing to unpack .../6-libpython3.10-stdlib_3.10.12-1~22.04.18_amd64.deb ...
Unpacking libpython3.10-stdlib:amd64 (3.10.12-1~22.04.18) ...
Selecting previously unselected package python3.10.
Preparing to unpack .../7-python3.10_3.10.12-1~22.04.18_amd64.deb ...
Unpacking python3.10 (3.10.12-1~22.04.18) ...
Selecting previously unselected package libpython3-stdlib:amd64.
Preparing to unpack .../8-libpython3-stdlib_3.10.6-1~22.04.1_amd64.deb ...
Unpacking libpython3-stdlib:amd64 (3.10.6-1~22.04.1) ...
Setting up python3-minimal (3.10.6-1~22.04.1) ...
Selecting previously unselected package python3.
(Reading database ... 
(Reading database ... 5%
(Reading database ... 10%
(Reading database ... 15%
(Reading database ... 20%
(Reading database ... 25%
(Reading database ... 30%
(Reading database ... 35%
(Reading database ... 40%
(Reading database ... 45%
(Reading database ... 50%
(Reading database ... 55%
(Reading database ... 60%
(Reading database ... 65%
(Reading database ... 70%
(Reading database ... 75%
(Reading database ... 80%
(Reading database ... 85%
(Reading database ... 90%
(Reading database ... 95%
(Reading database ... 100%
(Reading database ... 5127 files and directories currently installed.)
Preparing to unpack .../0-python3_3.10.6-1~22.04.1_amd64.deb ...
Unpacking python3 (3.10.6-1~22.04.1) ...
Selecting previously unselected package libapparmor1:amd64.
Preparing to unpack .../1-libapparmor1_3.0.4-2ubuntu2.5_amd64.deb ...
Unpacking libapparmor1:amd64 (3.0.4-2ubuntu2.5) ...
Selecting previously unselected package libargon2-1:amd64.
Preparing to unpack .../2-libargon2-1_0~20171227-0.3_amd64.deb ...
Unpacking libargon2-1:amd64 (0~20171227-0.3) ...
Selecting previously unselected package libdevmapper1.02.1:amd64.
Preparing to unpack .../3-libdevmapper1.02.1_2%3a1.02.175-2.1ubuntu5_amd64.deb ...
Unpacking libdevmapper1.02.1:amd64 (2:1.02.175-2.1ubuntu5) ...
Selecting previously unselected package libjson-c5:amd64.
Preparing to unpack .../4-libjson-c5_0.15-3~ubuntu1.22.04.2_amd64.deb ...
Unpacking libjson-c5:amd64 (0.15-3~ubuntu1.22.04.2) ...
Selecting previously unselected package libcryptsetup12:amd64.
Preparing to unpack .../5-libcryptsetup12_2%3a2.4.3-1ubuntu1.3_amd64.deb ...
Unpacking libcryptsetup12:amd64 (2:2.4.3-1ubuntu1.3) ...
Selecting previously unselected package libip4tc2:amd64.
Preparing to unpack .../6-libip4tc2_1.8.7-1ubuntu5.2_amd64.deb ...
Unpacking libip4tc2:amd64 (1.8.7-1ubuntu5.2) ...
Selecting previously unselected package libkmod2:amd64.
Preparing to unpack .../7-libkmod2_29-1ubuntu1.1_amd64.deb ...
Unpacking libkmod2:amd64 (29-1ubuntu1.1) ...
Selecting previously unselected package systemd.
Preparing to unpack .../8-systemd_249.11-0ubuntu3.22_amd64.deb ...
Unpacking systemd (249.11-0ubuntu3.22) ...
Setting up libapparmor1:amd64 (3.0.4-2ubuntu2.5) ...
Setting up libargon2-1:amd64 (0~20171227-0.3) ...
Setting up libdevmapper1.02.1:amd64 (2:1.02.175-2.1ubuntu5) ...
Setting up libjson-c5:amd64 (0.15-3~ubuntu1.22.04.2) ...
Setting up libcryptsetup12:amd64 (2:2.4.3-1ubuntu1.3) ...
Setting up libip4tc2:amd64 (1.8.7-1ubuntu5.2) ...
Setting up libkmod2:amd64 (29-1ubuntu1.1) ...
Setting up systemd (249.11-0ubuntu3.22) ...
Created symlink /etc/systemd/system/getty.target.wants/getty@tty1.service → /lib/systemd/system/getty@.service.
Created symlink /etc/systemd/system/multi-user.target.wants/remote-fs.target → /lib/systemd/system/remote-fs.target.
Created symlink /etc/systemd/system/dbus-org.freedesktop.resolve1.service → /lib/systemd/system/systemd-resolved.service.
Created symlink /etc/systemd/system/multi-user.target.wants/systemd-resolved.service → /lib/systemd/system/systemd-resolved.service.
ln: failed to create symbolic link '/etc/resolv.conf': Device or resource busy
Created symlink /etc/systemd/system/sysinit.target.wants/systemd-pstore.service → /lib/systemd/system/systemd-pstore.service.
Initializing machine ID from random generator.
Selecting previously unselected package systemd-sysv.
(Reading database ... 
(Reading database ... 5%
(Reading database ... 10%
(Reading database ... 15%
(Reading database ... 20%
(Reading database ... 25%
(Reading database ... 30%
(Reading database ... 35%
(Reading database ... 40%
(Reading database ... 45%
(Reading database ... 50%
(Reading database ... 55%
(Reading database ... 60%
(Reading database ... 65%
(Reading database ... 70%
(Reading database ... 75%
(Reading database ... 80%
(Reading database ... 85%
(Reading database ... 90%
(Reading database ... 95%
(Reading database ... 100%
(Reading database ... 5966 files and directories currently installed.)
Preparing to unpack .../00-systemd-sysv_249.11-0ubuntu3.22_amd64.deb ...
Unpacking systemd-sysv (249.11-0ubuntu3.22) ...
Selecting previously unselected package perl-modules-5.34.
Preparing to unpack .../01-perl-modules-5.34_5.34.0-3ubuntu1.9_all.deb ...
Unpacking perl-modules-5.34 (5.34.0-3ubuntu1.9) ...
Selecting previously unselected package libgdbm6:amd64.
Preparing to unpack .../02-libgdbm6_1.23-1_amd64.deb ...
Unpacking libgdbm6:amd64 (1.23-1) ...
Selecting previously unselected package libgdbm-compat4:amd64.
Preparing to unpack .../03-libgdbm-compat4_1.23-1_amd64.deb ...
Unpacking libgdbm-compat4:amd64 (1.23-1) ...
Selecting previously unselected package libperl5.34:amd64.
Preparing to unpack .../04-libperl5.34_5.34.0-3ubuntu1.9_amd64.deb ...
Unpacking libperl5.34:amd64 (5.34.0-3ubuntu1.9) ...
Selecting previously unselected package perl.
Preparing to unpack .../05-perl_5.34.0-3ubuntu1.9_amd64.deb ...
Unpacking perl (5.34.0-3ubuntu1.9) ...
Selecting previously unselected package openssl.
Preparing to unpack .../06-openssl_3.0.2-0ubuntu1.29_amd64.deb ...
Unpacking openssl (3.0.2-0ubuntu1.29) ...
Selecting previously unselected package ca-certificates.
Preparing to unpack .../07-ca-certificates_20260601~22.04.1_all.deb ...
Unpacking ca-certificates (20260601~22.04.1) ...
Selecting previously unselected package libdbus-1-3:amd64.
Preparing to unpack .../08-libdbus-1-3_1.12.20-2ubuntu4.1_amd64.deb ...
Unpacking libdbus-1-3:amd64 (1.12.20-2ubuntu4.1) ...
Selecting previously unselected package dbus.
Preparing to unpack .../09-dbus_1.12.20-2ubuntu4.1_amd64.deb ...
Unpacking dbus (1.12.20-2ubuntu4.1) ...
Selecting previously unselected package distro-info-data.
Preparing to unpack .../10-distro-info-data_0.72-0ubuntu0.22.04.1_all.deb ...
Unpacking distro-info-data (0.72-0ubuntu0.22.04.1) ...
Selecting previously unselected package libglib2.0-0:amd64.
Preparing to unpack .../11-libglib2.0-0_2.72.4-0ubuntu2.10_amd64.deb ...
Unpacking libglib2.0-0:amd64 (2.72.4-0ubuntu2.10) ...
Selecting previously unselected package libgirepository-1.0-1:amd64.
Preparing to unpack .../12-libgirepository-1.0-1_1.72.0-1_amd64.deb ...
Unpacking libgirepository-1.0-1:amd64 (1.72.0-1) ...
Selecting previously unselected package gir1.2-glib-2.0:amd64.
Preparing to unpack .../13-gir1.2-glib-2.0_1.72.0-1_amd64.deb ...
Unpacking gir1.2-glib-2.0:amd64 (1.72.0-1) ...
Selecting previously unselected package iso-codes.
Preparing to unpack .../14-iso-codes_4.9.0-1_all.deb ...
Unpacking iso-codes (4.9.0-1) ...
Selecting previously unselected package libcap2-bin.
Preparing to unpack .../15-libcap2-bin_1%3a2.44-1ubuntu0.22.04.3_amd64.deb ...
Unpacking libcap2-bin (1:2.44-1ubuntu0.22.04.3) ...
Selecting previously unselected package libelf1:amd64.
Preparing to unpack .../16-libelf1_0.186-1ubuntu0.1_amd64.deb ...
Unpacking libelf1:amd64 (0.186-1ubuntu0.1) ...
Selecting previously unselected package libglib2.0-data.
Preparing to unpack .../17-libglib2.0-data_2.72.4-0ubuntu2.10_all.deb ...
Unpacking libglib2.0-data (2.72.4-0ubuntu2.10) ...
Selecting previously unselected package libicu70:amd64.
Preparing to unpack .../18-libicu70_70.1-2_amd64.deb ...
Unpacking libicu70:amd64 (70.1-2) ...
Selecting previously unselected package libpam-systemd:amd64.
Preparing to unpack .../19-libpam-systemd_249.11-0ubuntu3.22_amd64.deb ...
Unpacking libpam-systemd:amd64 (249.11-0ubuntu3.22) ...
Selecting previously unselected package libxml2:amd64.
Preparing to unpack .../20-libxml2_2.9.13+dfsg-1ubuntu0.13_amd64.deb ...
Unpacking libxml2:amd64 (2.9.13+dfsg-1ubuntu0.13) ...
Selecting previously unselected package libyaml-0-2:amd64.
Preparing to unpack .../21-libyaml-0-2_0.2.2-1build2_amd64.deb ...
Unpacking libyaml-0-2:amd64 (0.2.2-1build2) ...
Selecting previously unselected package lsb-release.
Preparing to unpack .../22-lsb-release_11.1.0ubuntu4_all.deb ...
Unpacking lsb-release (11.1.0ubuntu4) ...
Selecting previously unselected package python-apt-common.
Preparing to unpack .../23-python-apt-common_2.4.0ubuntu4.1_all.deb ...
Unpacking python-apt-common (2.4.0ubuntu4.1) ...
Selecting previously unselected package python3-apt.
Preparing to unpack .../24-python3-apt_2.4.0ubuntu4.1_amd64.deb ...
Unpacking python3-apt (2.4.0ubuntu4.1) ...
Selecting previously unselected package python3-dbus.
Preparing to unpack .../25-python3-dbus_1.2.18-3build1_amd64.deb ...
Unpacking python3-dbus (1.2.18-3build1) ...
Selecting previously unselected package python3-gi.
Preparing to unpack .../26-python3-gi_3.42.1-0ubuntu1_amd64.deb ...
Unpacking python3-gi (3.42.1-0ubuntu1) ...
Selecting previously unselected package python3-pkg-resources.
Preparing to unpack .../27-python3-pkg-resources_59.6.0-1.2ubuntu0.22.04.3_all.deb ...
Unpacking python3-pkg-resources (59.6.0-1.2ubuntu0.22.04.3) ...
Selecting previously unselected package libnghttp2-14:amd64.
Preparing to unpack .../28-libnghttp2-14_1.43.0-1ubuntu0.4_amd64.deb ...
Unpacking libnghttp2-14:amd64 (1.43.0-1ubuntu0.4) ...
Selecting previously unselected package libpsl5:amd64.
Preparing to unpack .../29-libpsl5_0.21.0-1.2build2_amd64.deb ...
Unpacking libpsl5:amd64 (0.21.0-1.2build2) ...
Selecting previously unselected package wget.
Preparing to unpack .../30-wget_1.21.2-2ubuntu1.5_amd64.deb ...
Unpacking wget (1.21.2-2ubuntu1.5) ...
Selecting previously unselected package libassuan0:amd64.
Preparing to unpack .../31-libassuan0_2.5.5-1build1_amd64.deb ...
Unpacking libassuan0:amd64 (2.5.5-1build1) ...
Selecting previously unselected package gpgconf.
Preparing to unpack .../32-gpgconf_2.2.27-3ubuntu2.5_amd64.deb ...
Unpacking gpgconf (2.2.27-3ubuntu2.5) ...
Selecting previously unselected package libksba8:amd64.
Preparing to unpack .../33-libksba8_1.6.0-2ubuntu0.2_amd64.deb ...
Unpacking libksba8:amd64 (1.6.0-2ubuntu0.2) ...
Selecting previously unselected package libsasl2-modules-db:amd64.
Preparing to unpack .../34-libsasl2-modules-db_2.1.27+dfsg2-3ubuntu1.2_amd64.deb ...
Unpacking libsasl2-modules-db:amd64 (2.1.27+dfsg2-3ubuntu1.2) ...
Selecting previously unselected package libsasl2-2:amd64.
Preparing to unpack .../35-libsasl2-2_2.1.27+dfsg2-3ubuntu1.2_amd64.deb ...
Unpacking libsasl2-2:amd64 (2.1.27+dfsg2-3ubuntu1.2) ...
Selecting previously unselected package libldap-2.5-0:amd64.
Preparing to unpack .../36-libldap-2.5-0_2.5.20+dfsg-0ubuntu0.22.04.1_amd64.deb ...
Unpacking libldap-2.5-0:amd64 (2.5.20+dfsg-0ubuntu0.22.04.1) ...
Selecting previously unselected package libnpth0:amd64.
Preparing to unpack .../37-libnpth0_1.6-3build2_amd64.deb ...
Unpacking libnpth0:amd64 (1.6-3build2) ...
Selecting previously unselected package dirmngr.
Preparing to unpack .../38-dirmngr_2.2.27-3ubuntu2.5_amd64.deb ...
Unpacking dirmngr (2.2.27-3ubuntu2.5) ...
Selecting previously unselected package libpackagekit-glib2-18:amd64.
Preparing to unpack .../39-libpackagekit-glib2-18_1.2.5-2ubuntu3.1_amd64.deb ...
Unpacking libpackagekit-glib2-18:amd64 (1.2.5-2ubuntu3.1) ...
Selecting previously unselected package gir1.2-packagekitglib-1.0.
Preparing to unpack .../40-gir1.2-packagekitglib-1.0_1.2.5-2ubuntu3.1_amd64.deb ...
Unpacking gir1.2-packagekitglib-1.0 (1.2.5-2ubuntu3.1) ...
Selecting previously unselected package libbrotli1:amd64.
Preparing to unpack .../41-libbrotli1_1.0.9-2build6_amd64.deb ...
Unpacking libbrotli1:amd64 (1.0.9-2build6) ...
Selecting previously unselected package librtmp1:amd64.
Preparing to unpack .../42-librtmp1_2.4+20151223.gitfa8646d.1-2build4_amd64.deb ...
Unpacking librtmp1:amd64 (2.4+20151223.gitfa8646d.1-2build4) ...
Selecting previously unselected package libssh-4:amd64.
Preparing to unpack .../43-libssh-4_0.9.6-2ubuntu0.22.04.8_amd64.deb ...
Unpacking libssh-4:amd64 (0.9.6-2ubuntu0.22.04.8) ...
Selecting previously unselected package libcurl3-gnutls:amd64.
Preparing to unpack .../44-libcurl3-gnutls_7.81.0-1ubuntu1.29_amd64.deb ...
Unpacking libcurl3-gnutls:amd64 (7.81.0-1ubuntu1.29) ...
Selecting previously unselected package liberror-perl.
Preparing to unpack .../45-liberror-perl_0.17029-1_all.deb ...
Unpacking liberror-perl (0.17029-1) ...
Selecting previously unselected package git-man.
Preparing to unpack .../46-git-man_1%3a2.34.1-1ubuntu1.17_all.deb ...
Unpacking git-man (1:2.34.1-1ubuntu1.17) ...
Selecting previously unselected package git.
Preparing to unpack .../47-git_1%3a2.34.1-1ubuntu1.17_amd64.deb ...
Unpacking git (1:2.34.1-1ubuntu1.17) ...
Selecting previously unselected package gnupg-l10n.
Preparing to unpack .../48-gnupg-l10n_2.2.27-3ubuntu2.5_all.deb ...
Unpacking gnupg-l10n (2.2.27-3ubuntu2.5) ...
Selecting previously unselected package gnupg-utils.
Preparing to unpack .../49-gnupg-utils_2.2.27-3ubuntu2.5_amd64.deb ...
Unpacking gnupg-utils (2.2.27-3ubuntu2.5) ...
Selecting previously unselected package gpg.
Preparing to unpack .../50-gpg_2.2.27-3ubuntu2.5_amd64.deb ...
Unpacking gpg (2.2.27-3ubuntu2.5) ...
Selecting previously unselected package pinentry-curses.
Preparing to unpack .../51-pinentry-curses_1.1.1-1build2_amd64.deb ...
Unpacking pinentry-curses (1.1.1-1build2) ...
Selecting previously unselected package gpg-agent.
Preparing to unpack .../52-gpg-agent_2.2.27-3ubuntu2.5_amd64.deb ...
Unpacking gpg-agent (2.2.27-3ubuntu2.5) ...
Selecting previously unselected package gpg-wks-client.
Preparing to unpack .../53-gpg-wks-client_2.2.27-3ubuntu2.5_amd64.deb ...
Unpacking gpg-wks-client (2.2.27-3ubuntu2.5) ...
Selecting previously unselected package gpg-wks-server.
Preparing to unpack .../54-gpg-wks-server_2.2.27-3ubuntu2.5_amd64.deb ...
Unpacking gpg-wks-server (2.2.27-3ubuntu2.5) ...
Selecting previously unselected package gpgsm.
Preparing to unpack .../55-gpgsm_2.2.27-3ubuntu2.5_amd64.deb ...
Unpacking gpgsm (2.2.27-3ubuntu2.5) ...
Selecting previously unselected package gnupg.
Preparing to unpack .../56-gnupg_2.2.27-3ubuntu2.5_all.deb ...
Unpacking gnupg (2.2.27-3ubuntu2.5) ...
Selecting previously unselected package libstemmer0d:amd64.
Preparing to unpack .../57-libstemmer0d_2.2.0-1build1_amd64.deb ...
Unpacking libstemmer0d:amd64 (2.2.0-1build1) ...
Selecting previously unselected package libxmlb2:amd64.
Preparing to unpack .../58-libxmlb2_0.3.24-1~ubuntu0.22.04.1_amd64.deb ...
Unpacking libxmlb2:amd64 (0.3.24-1~ubuntu0.22.04.1) ...
Selecting previously unselected package libappstream4:amd64.
Preparing to unpack .../59-libappstream4_0.15.2-2_amd64.deb ...
Unpacking libappstream4:amd64 (0.15.2-2) ...
Selecting previously unselected package libdw1:amd64.
Preparing to unpack .../60-libdw1_0.186-1ubuntu0.1_amd64.deb ...
Unpacking libdw1:amd64 (0.186-1ubuntu0.1) ...
Selecting previously unselected package libglib2.0-bin.
Preparing to unpack .../61-libglib2.0-bin_2.72.4-0ubuntu2.10_amd64.deb ...
Unpacking libglib2.0-bin (2.72.4-0ubuntu2.10) ...
Selecting previously unselected package libunwind8:amd64.
Preparing to unpack .../62-libunwind8_1.3.2-2build2.1_amd64.deb ...
Unpacking libunwind8:amd64 (1.3.2-2build2.1) ...
Selecting previously unselected package libgstreamer1.0-0:amd64.
Preparing to unpack .../63-libgstreamer1.0-0_1.20.3-0ubuntu1.1_amd64.deb ...
Unpacking libgstreamer1.0-0:amd64 (1.20.3-0ubuntu1.1) ...
Selecting previously unselected package libpolkit-gobject-1-0:amd64.
Preparing to unpack .../64-libpolkit-gobject-1-0_0.105-33ubuntu0.2_amd64.deb ...
Unpacking libpolkit-gobject-1-0:amd64 (0.105-33ubuntu0.2) ...
Selecting previously unselected package libpolkit-agent-1-0:amd64.
Preparing to unpack .../65-libpolkit-agent-1-0_0.105-33ubuntu0.2_amd64.deb ...
Unpacking libpolkit-agent-1-0:amd64 (0.105-33ubuntu0.2) ...
Selecting previously unselected package polkitd.
Preparing to unpack .../66-polkitd_0.105-33ubuntu0.2_amd64.deb ...
Unpacking polkitd (0.105-33ubuntu0.2) ...
Selecting previously unselected package pkexec.
Preparing to unpack .../67-pkexec_0.105-33ubuntu0.2_amd64.deb ...
Unpacking pkexec (0.105-33ubuntu0.2) ...
Selecting previously unselected package policykit-1.
Preparing to unpack .../68-policykit-1_0.105-33ubuntu0.2_amd64.deb ...
Unpacking policykit-1 (0.105-33ubuntu0.2) ...
Selecting previously unselected package python3-blinker.
Preparing to unpack .../69-python3-blinker_1.4+dfsg1-0.4_all.deb ...
Unpacking python3-blinker (1.4+dfsg1-0.4) ...
Selecting previously unselected package python3-cffi-backend:amd64.
Preparing to unpack .../70-python3-cffi-backend_1.15.0-1build2_amd64.deb ...
Unpacking python3-cffi-backend:amd64 (1.15.0-1build2) ...
Selecting previously unselected package python3-cryptography.
Preparing to unpack .../71-python3-cryptography_3.4.8-1ubuntu2.4_amd64.deb ...
Unpacking python3-cryptography (3.4.8-1ubuntu2.4) ...
Selecting previously unselected package python3-lib2to3.
Preparing to unpack .../72-python3-lib2to3_3.10.8-1~22.04_all.deb ...
Unpacking python3-lib2to3 (3.10.8-1~22.04) ...
Selecting previously unselected package python3-distutils.
Preparing to unpack .../73-python3-distutils_3.10.8-1~22.04_all.deb ...
Unpacking python3-distutils (3.10.8-1~22.04) ...
Selecting previously unselected package python3-pyparsing.
Preparing to unpack .../74-python3-pyparsing_2.4.7-1_all.deb ...
Unpacking python3-pyparsing (2.4.7-1) ...
Selecting previously unselected package python3-httplib2.
Preparing to unpack .../75-python3-httplib2_0.20.2-2ubuntu0.1_all.deb ...
Unpacking python3-httplib2 (0.20.2-2ubuntu0.1) ...
Selecting previously unselected package python3-more-itertools.
Preparing to unpack .../76-python3-more-itertools_8.10.0-2_all.deb ...
Unpacking python3-more-itertools (8.10.0-2) ...
Selecting previously unselected package python3-zipp.
Preparing to unpack .../77-python3-zipp_1.0.0-3ubuntu0.1_all.deb ...
Unpacking python3-zipp (1.0.0-3ubuntu0.1) ...
Selecting previously unselected package python3-importlib-metadata.
Preparing to unpack .../78-python3-importlib-metadata_4.6.4-1_all.deb ...
Unpacking python3-importlib-metadata (4.6.4-1) ...
Selecting previously unselected package python3-jeepney.
Preparing to unpack .../79-python3-jeepney_0.7.1-3_all.deb ...
Unpacking python3-jeepney (0.7.1-3) ...
Selecting previously unselected package python3-jwt.
Preparing to unpack .../80-python3-jwt_2.3.0-1ubuntu0.3_all.deb ...
Unpacking python3-jwt (2.3.0-1ubuntu0.3) ...
Selecting previously unselected package python3-secretstorage.
Preparing to unpack .../81-python3-secretstorage_3.3.1-1_all.deb ...
Unpacking python3-secretstorage (3.3.1-1) ...
Selecting previously unselected package python3-keyring.
Preparing to unpack .../82-python3-keyring_23.5.0-1_all.deb ...
Unpacking python3-keyring (23.5.0-1) ...
Selecting previously unselected package python3-lazr.uri.
Preparing to unpack .../83-python3-lazr.uri_1.0.6-2_all.deb ...
Unpacking python3-lazr.uri (1.0.6-2) ...
Selecting previously unselected package python3-wadllib.
Preparing to unpack .../84-python3-wadllib_1.3.6-1_all.deb ...
Unpacking python3-wadllib (1.3.6-1) ...
Selecting previously unselected package python3-distro.
Preparing to unpack .../85-python3-distro_1.7.0-1_all.deb ...
Unpacking python3-distro (1.7.0-1) ...
Selecting previously unselected package python3-oauthlib.
Preparing to unpack .../86-python3-oauthlib_3.2.0-1ubuntu0.1_all.deb ...
Unpacking python3-oauthlib (3.2.0-1ubuntu0.1) ...
Selecting previously unselected package python3-six.
Preparing to unpack .../87-python3-six_1.16.0-3ubuntu1_all.deb ...
Unpacking python3-six (1.16.0-3ubuntu1) ...
Selecting previously unselected package python3-lazr.restfulclient.
Preparing to unpack .../88-python3-lazr.restfulclient_0.14.4-1_all.deb ...
Unpacking python3-lazr.restfulclient (0.14.4-1) ...
Selecting previously unselected package python3-launchpadlib.
Preparing to unpack .../89-python3-launchpadlib_1.10.16-1_all.deb ...
Unpacking python3-launchpadlib (1.10.16-1) ...
Selecting previously unselected package python3-setuptools.
Preparing to unpack .../90-python3-setuptools_59.6.0-1.2ubuntu0.22.04.3_all.deb ...
Unpacking python3-setuptools (59.6.0-1.2ubuntu0.22.04.3) ...
Selecting previously unselected package python3-wheel.
Preparing to unpack .../91-python3-wheel_0.37.1-2ubuntu0.22.04.1_all.deb ...
Unpacking python3-wheel (0.37.1-2ubuntu0.22.04.1) ...
Selecting previously unselected package python3-pip.
Preparing to unpack .../92-python3-pip_22.0.2+dfsg-1ubuntu0.7_all.deb ...
Unpacking python3-pip (22.0.2+dfsg-1ubuntu0.7) ...
Selecting previously unselected package python3-software-properties.
Preparing to unpack .../93-python3-software-properties_0.99.22.9_all.deb ...
Unpacking python3-software-properties (0.99.22.9) ...
Selecting previously unselected package packagekit.
Preparing to unpack .../94-packagekit_1.2.5-2ubuntu3.1_amd64.deb ...
Unpacking packagekit (1.2.5-2ubuntu3.1) ...
Selecting previously unselected package software-properties-common.
Preparing to unpack .../95-software-properties-common_0.99.22.9_all.deb ...
Unpacking software-properties-common (0.99.22.9) ...
Setting up libksba8:amd64 (1.6.0-2ubuntu0.2) ...
Setting up media-types (7.0.0) ...
Setting up systemd-sysv (249.11-0ubuntu3.22) ...
Setting up libpsl5:amd64 (0.21.0-1.2build2) ...
Setting up wget (1.21.2-2ubuntu1.5) ...
Setting up libyaml-0-2:amd64 (0.2.2-1build2) ...
Setting up libglib2.0-0:amd64 (2.72.4-0ubuntu2.10) ...
No schema files found: doing nothing.
Setting up distro-info-data (0.72-0ubuntu0.22.04.1) ...
Setting up libxmlb2:amd64 (0.3.24-1~ubuntu0.22.04.1) ...
Setting up libbrotli1:amd64 (1.0.9-2build6) ...
Setting up libsqlite3-0:amd64 (3.37.2-2ubuntu0.8) ...
Setting up libnghttp2-14:amd64 (1.43.0-1ubuntu0.4) ...
Setting up libpackagekit-glib2-18:amd64 (1.2.5-2ubuntu3.1) ...
Setting up libnpth0:amd64 (1.6-3build2) ...
Setting up libassuan0:amd64 (2.5.5-1build1) ...
Setting up perl-modules-5.34 (5.34.0-3ubuntu1.9) ...
Setting up libunwind8:amd64 (1.3.2-2build2.1) ...
Setting up libsasl2-modules-db:amd64 (2.1.27+dfsg2-3ubuntu1.2) ...
Setting up libcap2-bin (1:2.44-1ubuntu0.22.04.3) ...
Setting up libglib2.0-data (2.72.4-0ubuntu2.10) ...
Setting up gnupg-l10n (2.2.27-3ubuntu2.5) ...
Setting up librtmp1:amd64 (2.4+20151223.gitfa8646d.1-2build4) ...
Setting up libdbus-1-3:amd64 (1.12.20-2ubuntu4.1) ...
Setting up dbus (1.12.20-2ubuntu4.1) ...
Setting up libsasl2-2:amd64 (2.1.27+dfsg2-3ubuntu1.2) ...
Setting up libssh-4:amd64 (0.9.6-2ubuntu0.22.04.8) ...
Setting up python-apt-common (2.4.0ubuntu4.1) ...
Setting up libmpdec3:amd64 (2.5.1-2build2) ...
Setting up libpam-systemd:amd64 (249.11-0ubuntu3.22) ...
Setting up git-man (1:2.34.1-1ubuntu1.17) ...
Setting up libgirepository-1.0-1:amd64 (1.72.0-1) ...
Setting up libstemmer0d:amd64 (2.2.0-1build1) ...
Setting up openssl (3.0.2-0ubuntu1.29) ...
Setting up libelf1:amd64 (0.186-1ubuntu0.1) ...
Setting up readline-common (8.1.2-1) ...
Setting up iso-codes (4.9.0-1) ...
Setting up libpolkit-gobject-1-0:amd64 (0.105-33ubuntu0.2) ...
Setting up libgdbm6:amd64 (1.23-1) ...
Setting up libicu70:amd64 (70.1-2) ...
Setting up pinentry-curses (1.1.1-1build2) ...
Setting up libdw1:amd64 (0.186-1ubuntu0.1) ...
Setting up libreadline8:amd64 (8.1.2-1) ...
Setting up libglib2.0-bin (2.72.4-0ubuntu2.10) ...
Setting up libldap-2.5-0:amd64 (2.5.20+dfsg-0ubuntu0.22.04.1) ...
Setting up libpython3.10-stdlib:amd64 (3.10.12-1~22.04.18) ...
Setting up ca-certificates (20260601~22.04.1) ...
Updating certificates in /etc/ssl/certs...
121 added, 0 removed; done.
Setting up libgdbm-compat4:amd64 (1.23-1) ...
Setting up gir1.2-glib-2.0:amd64 (1.72.0-1) ...
Setting up gpgconf (2.2.27-3ubuntu2.5) ...
Setting up libpolkit-agent-1-0:amd64 (0.105-33ubuntu0.2) ...
Setting up libxml2:amd64 (2.9.13+dfsg-1ubuntu0.13) ...
Setting up polkitd (0.105-33ubuntu0.2) ...
Setting up gpg (2.2.27-3ubuntu2.5) ...
Setting up libgstreamer1.0-0:amd64 (1.20.3-0ubuntu1.1) ...
Setcap worked! gst-ptp-helper is not suid!
Setting up libpython3-stdlib:amd64 (3.10.6-1~22.04.1) ...
Setting up gnupg-utils (2.2.27-3ubuntu2.5) ...
Setting up libperl5.34:amd64 (5.34.0-3ubuntu1.9) ...
Setting up gpg-agent (2.2.27-3ubuntu2.5) ...
Created symlink /etc/systemd/user/sockets.target.wants/gpg-agent-browser.socket → /usr/lib/systemd/user/gpg-agent-browser.socket.
Created symlink /etc/systemd/user/sockets.target.wants/gpg-agent-extra.socket → /usr/lib/systemd/user/gpg-agent-extra.socket.
Created symlink /etc/systemd/user/sockets.target.wants/gpg-agent-ssh.socket → /usr/lib/systemd/user/gpg-agent-ssh.socket.
Created symlink /etc/systemd/user/sockets.target.wants/gpg-agent.socket → /usr/lib/systemd/user/gpg-agent.socket.
Setting up python3.10 (3.10.12-1~22.04.18) ...
Setting up gpgsm (2.2.27-3ubuntu2.5) ...
Setting up pkexec (0.105-33ubuntu0.2) ...
Setting up libcurl3-gnutls:amd64 (7.81.0-1ubuntu1.29) ...
Setting up python3 (3.10.6-1~22.04.1) ...
Setting up libappstream4:amd64 (0.15.2-2) ...
Setting up python3-six (1.16.0-3ubuntu1) ...
Setting up dirmngr (2.2.27-3ubuntu2.5) ...
Created symlink /etc/systemd/user/sockets.target.wants/dirmngr.socket → /usr/lib/systemd/user/dirmngr.socket.
Setting up gir1.2-packagekitglib-1.0 (1.2.5-2ubuntu3.1) ...
Setting up perl (5.34.0-3ubuntu1.9) ...
Setting up python3-pyparsing (2.4.7-1) ...
Setting up python3-gi (3.42.1-0ubuntu1) ...
Setting up python3-jeepney (0.7.1-3) ...
Setting up gpg-wks-server (2.2.27-3ubuntu2.5) ...
Setting up python3-httplib2 (0.20.2-2ubuntu0.1) ...
Setting up lsb-release (11.1.0ubuntu4) ...
Setting up python3-lib2to3 (3.10.8-1~22.04) ...
Setting up policykit-1 (0.105-33ubuntu0.2) ...
Setting up python3-cffi-backend:amd64 (1.15.0-1build2) ...
Setting up python3-blinker (1.4+dfsg1-0.4) ...
Setting up python3-pkg-resources (59.6.0-1.2ubuntu0.22.04.3) ...
Setting up python3-distutils (3.10.8-1~22.04) ...
Setting up python3-more-itertools (8.10.0-2) ...
Setting up python3-dbus (1.2.18-3build1) ...
Setting up python3-setuptools (59.6.0-1.2ubuntu0.22.04.3) ...
Setting up python3-distro (1.7.0-1) ...
Setting up gpg-wks-client (2.2.27-3ubuntu2.5) ...
Setting up python3-jwt (2.3.0-1ubuntu0.3) ...
Setting up python3-apt (2.4.0ubuntu4.1) ...
Setting up python3-lazr.uri (1.0.6-2) ...
Setting up python3-zipp (1.0.0-3ubuntu0.1) ...
Setting up python3-wheel (0.37.1-2ubuntu0.22.04.1) ...
Setting up liberror-perl (0.17029-1) ...
Setting up python3-cryptography (3.4.8-1ubuntu2.4) ...
Setting up python3-wadllib (1.3.6-1) ...
Setting up git (1:2.34.1-1ubuntu1.17) ...
Setting up python3-pip (22.0.2+dfsg-1ubuntu0.7) ...
Setting up gnupg (2.2.27-3ubuntu2.5) ...
Setting up packagekit (1.2.5-2ubuntu3.1) ...
invoke-rc.d: could not determine current runlevel
invoke-rc.d: policy-rc.d denied execution of force-reload.
Failed to open connection to "system" message bus: Failed to connect to socket /run/dbus/system_bus_socket: No such file or directory
Created symlink /etc/systemd/user/sockets.target.wants/pk-debconf-helper.socket → /usr/lib/systemd/user/pk-debconf-helper.socket.
Setting up python3-importlib-metadata (4.6.4-1) ...
Setting up python3-oauthlib (3.2.0-1ubuntu0.1) ...
Setting up python3-secretstorage (3.3.1-1) ...
Setting up python3-keyring (23.5.0-1) ...
Setting up python3-lazr.restfulclient (0.14.4-1) ...
Setting up python3-launchpadlib (1.10.16-1) ...
Setting up python3-software-properties (0.99.22.9) ...
Setting up software-properties-common (0.99.22.9) ...
Processing triggers for libc-bin (2.35-0ubuntu3.14) ...
Processing triggers for ca-certificates (20260601~22.04.1) ...
Updating certificates in /etc/ssl/certs...
0 added, 0 removed; done.
Running hooks in /etc/ca-certificates/update.d...
done.
Processing triggers for dbus (1.12.20-2ubuntu4.1) ...
+ git config --global --add safe.directory /work
+ add-apt-repository -y ppa:ubuntu-toolchain-r/test
Hit:1 http://archive.ubuntu.com/ubuntu jammy InRelease
Hit:2 http://security.ubuntu.com/ubuntu jammy-security InRelease
Hit:3 http://archive.ubuntu.com/ubuntu jammy-updates InRelease
Hit:4 http://archive.ubuntu.com/ubuntu jammy-backports InRelease
Get:5 https://ppa.launchpadcontent.net/ubuntu-toolchain-r/test/ubuntu jammy InRelease [24.6 kB]
Get:6 https://ppa.launchpadcontent.net/ubuntu-toolchain-r/test/ubuntu jammy/main amd64 Packages [66.8 kB]
Fetched 91.4 kB in 2s (41.7 kB/s)
Reading package lists...
PPA publishes dbgsym, you may need to include 'main/debug' component
Repository: 'deb https://ppa.launchpadcontent.net/ubuntu-toolchain-r/test/ubuntu/ jammy main'
Description:
Toolchain test builds; see https://wiki.ubuntu.com/ToolChain

More info: https://launchpad.net/~ubuntu-toolchain-r/+archive/ubuntu/test
Adding repository.
Adding deb entry to /etc/apt/sources.list.d/ubuntu-toolchain-r-ubuntu-test-jammy.list
Adding disabled deb-src entry to /etc/apt/sources.list.d/ubuntu-toolchain-r-ubuntu-test-jammy.list
Adding key to /etc/apt/trusted.gpg.d/ubuntu-toolchain-r-ubuntu-test.gpg with fingerprint C8EC952E2A0E1FBDC5090F6A2C277A0A352154E5
+ wget -q https://packages.microsoft.com/config/ubuntu/22.04/packages-microsoft-prod.deb -O /tmp/packages-microsoft-prod.deb
+ dpkg -i /tmp/packages-microsoft-prod.deb
Selecting previously unselected package packages-microsoft-prod.
(Reading database ... 13315 files and directories currently installed.)
Preparing to unpack .../packages-microsoft-prod.deb ...
Unpacking packages-microsoft-prod (1.0-ubuntu22.04.1) ...
Setting up packages-microsoft-prod (1.0-ubuntu22.04.1) ...
+ apt-get update
Get:1 https://packages.microsoft.com/ubuntu/22.04/prod jammy InRelease [3632 B]
Get:2 https://packages.microsoft.com/ubuntu/22.04/prod jammy/main all Packages [1331 B]
Get:3 https://packages.microsoft.com/ubuntu/22.04/prod jammy/main amd64 Packages [781 kB]
Hit:4 http://archive.ubuntu.com/ubuntu jammy InRelease
Get:5 https://packages.microsoft.com/ubuntu/22.04/prod jammy/main armhf Packages [23.3 kB]
Get:6 https://packages.microsoft.com/ubuntu/22.04/prod jammy/main arm64 Packages [544 kB]
Hit:7 http://archive.ubuntu.com/ubuntu jammy-updates InRelease
Hit:8 http://security.ubuntu.com/ubuntu jammy-security InRelease
Hit:9 https://ppa.launchpadcontent.net/ubuntu-toolchain-r/test/ubuntu jammy InRelease
Hit:10 http://archive.ubuntu.com/ubuntu jammy-backports InRelease
Fetched 1353 kB in 1s (1339 kB/s)
Reading package lists...
+ apt-get install -y --no-install-recommends g++-14 powershell
Reading package lists...
Building dependency tree...
Reading state information...
The following additional packages will be installed:
  binutils binutils-common binutils-x86-64-linux-gnu cpp-14
  cpp-14-x86-64-linux-gnu g++-14-x86-64-linux-gnu gcc-14 gcc-14-base
  gcc-14-x86-64-linux-gnu gcc-16-base libasan8 libatomic1 libbinutils
  libc-dev-bin libc6 libc6-dev libcc1-0 libcrypt-dev libctf-nobfd0 libctf0
  libgcc-14-dev libgcc-s1 libgomp1 libhwasan0 libisl23 libitm1 liblsan0
  libmpc3 libmpfr6 libnsl-dev libquadmath0 libstdc++-14-dev libstdc++6
  libtirpc-dev libtsan2 libubsan1 linux-libc-dev rpcsvc-proto
Suggested packages:
  binutils-doc gcc-14-locales cpp-14-doc g++-14-multilib gcc-14-doc
  gcc-14-multilib glibc-doc locales manpages-dev libstdc++-14-doc
Recommended packages:
  manpages manpages-dev libc-devtools libnss-nis libnss-nisplus
The following NEW packages will be installed:
  binutils binutils-common binutils-x86-64-linux-gnu cpp-14
  cpp-14-x86-64-linux-gnu g++-14 g++-14-x86-64-linux-gnu gcc-14 gcc-14-base
  gcc-14-x86-64-linux-gnu gcc-16-base libasan8 libatomic1 libbinutils
  libc-dev-bin libc6-dev libcc1-0 libcrypt-dev libctf-nobfd0 libctf0
  libgcc-14-dev libgomp1 libhwasan0 libisl23 libitm1 liblsan0 libmpc3 libmpfr6
  libnsl-dev libquadmath0 libstdc++-14-dev libtirpc-dev libtsan2 libubsan1
  linux-libc-dev powershell rpcsvc-proto
The following packages will be upgraded:
  libc6 libgcc-s1 libstdc++6
3 upgraded, 37 newly installed, 0 to remove and 8 not upgraded.
Need to get 136 MB of archives.
After this operation, 456 MB of additional disk space will be used.
Get:1 https://packages.microsoft.com/ubuntu/22.04/prod jammy/main amd64 powershell amd64 7.6.6-1.deb [55.4 MB]
Get:2 http://archive.ubuntu.com/ubuntu jammy-updates/main amd64 libc6 amd64 2.35-0ubuntu3.15 [3234 kB]
Get:3 https://ppa.launchpadcontent.net/ubuntu-toolchain-r/test/ubuntu jammy/main amd64 gcc-16-base amd64 16-20260315-1ubuntu1~22~ppa1 [20.4 kB]
Get:4 https://ppa.launchpadcontent.net/ubuntu-toolchain-r/test/ubuntu jammy/main amd64 libgcc-s1 amd64 16-20260315-1ubuntu1~22~ppa1 [80.3 kB]
Get:5 https://ppa.launchpadcontent.net/ubuntu-toolchain-r/test/ubuntu jammy/main amd64 libstdc++6 amd64 16-20260315-1ubuntu1~22~ppa1 [877 kB]
Get:6 http://archive.ubuntu.com/ubuntu jammy-updates/main amd64 binutils-common amd64 2.38-4ubuntu2.12 [223 kB]
Get:7 http://archive.ubuntu.com/ubuntu jammy-updates/main amd64 libbinutils amd64 2.38-4ubuntu2.12 [663 kB]
Get:8 http://archive.ubuntu.com/ubuntu jammy-updates/main amd64 libctf-nobfd0 amd64 2.38-4ubuntu2.12 [108 kB]
Get:9 http://archive.ubuntu.com/ubuntu jammy-updates/main amd64 libctf0 amd64 2.38-4ubuntu2.12 [103 kB]
Get:10 http://archive.ubuntu.com/ubuntu jammy-updates/main amd64 binutils-x86-64-linux-gnu amd64 2.38-4ubuntu2.12 [2324 kB]
Get:11 http://archive.ubuntu.com/ubuntu jammy-updates/main amd64 binutils amd64 2.38-4ubuntu2.12 [3184 B]
Get:12 http://archive.ubuntu.com/ubuntu jammy/main amd64 libisl23 amd64 0.24-2build1 [727 kB]
Get:13 http://archive.ubuntu.com/ubuntu jammy/main amd64 libmpfr6 amd64 4.1.0-3build3 [1425 kB]
Get:14 http://archive.ubuntu.com/ubuntu jammy/main amd64 libmpc3 amd64 1.2.1-2build1 [46.9 kB]
Get:15 http://archive.ubuntu.com/ubuntu jammy-updates/main amd64 libc-dev-bin amd64 2.35-0ubuntu3.15 [20.3 kB]
Get:16 http://archive.ubuntu.com/ubuntu jammy-updates/main amd64 linux-libc-dev amd64 5.15.0-194.204 [1344 kB]
Get:17 http://archive.ubuntu.com/ubuntu jammy/main amd64 libcrypt-dev amd64 1:4.4.27-1 [112 kB]
Get:18 http://archive.ubuntu.com/ubuntu jammy/main amd64 rpcsvc-proto amd64 1.4.2-0ubuntu6 [68.5 kB]
Get:19 http://archive.ubuntu.com/ubuntu jammy-updates/main amd64 libtirpc-dev amd64 1.3.2-2ubuntu0.1 [192 kB]
Get:20 http://archive.ubuntu.com/ubuntu jammy/main amd64 libnsl-dev amd64 1.3.0-2build2 [71.3 kB]
Get:21 http://archive.ubuntu.com/ubuntu jammy-updates/main amd64 libc6-dev amd64 2.35-0ubuntu3.15 [2100 kB]
Get:22 https://ppa.launchpadcontent.net/ubuntu-toolchain-r/test/ubuntu jammy/main amd64 gcc-14-base amd64 14.3.0-12ubuntu1~22~ppa2 [20.4 kB]
Get:23 https://ppa.launchpadcontent.net/ubuntu-toolchain-r/test/ubuntu jammy/main amd64 cpp-14-x86-64-linux-gnu amd64 14.3.0-12ubuntu1~22~ppa2 [12.0 MB]
Get:24 https://ppa.launchpadcontent.net/ubuntu-toolchain-r/test/ubuntu jammy/main amd64 cpp-14 amd64 14.3.0-12ubuntu1~22~ppa2 [1040 B]
Get:25 https://ppa.launchpadcontent.net/ubuntu-toolchain-r/test/ubuntu jammy/main amd64 libcc1-0 amd64 16-20260315-1ubuntu1~22~ppa1 [52.2 kB]
Get:26 https://ppa.launchpadcontent.net/ubuntu-toolchain-r/test/ubuntu jammy/main amd64 libgomp1 amd64 16-20260315-1ubuntu1~22~ppa1 [167 kB]
Get:27 https://ppa.launchpadcontent.net/ubuntu-toolchain-r/test/ubuntu jammy/main amd64 libitm1 amd64 16-20260315-1ubuntu1~22~ppa1 [31.0 kB]
Get:28 https://ppa.launchpadcontent.net/ubuntu-toolchain-r/test/ubuntu jammy/main amd64 libatomic1 amd64 16-20260315-1ubuntu1~22~ppa1 [11.6 kB]
Get:29 https://ppa.launchpadcontent.net/ubuntu-toolchain-r/test/ubuntu jammy/main amd64 libasan8 amd64 16-20260315-1ubuntu1~22~ppa1 [3240 kB]
Get:30 https://ppa.launchpadcontent.net/ubuntu-toolchain-r/test/ubuntu jammy/main amd64 liblsan0 amd64 16-20260315-1ubuntu1~22~ppa1 [1409 kB]
Get:31 https://ppa.launchpadcontent.net/ubuntu-toolchain-r/test/ubuntu jammy/main amd64 libtsan2 amd64 16-20260315-1ubuntu1~22~ppa1 [2888 kB]
Get:32 https://ppa.launchpadcontent.net/ubuntu-toolchain-r/test/ubuntu jammy/main amd64 libubsan1 amd64 16-20260315-1ubuntu1~22~ppa1 [1257 kB]
Get:33 https://ppa.launchpadcontent.net/ubuntu-toolchain-r/test/ubuntu jammy/main amd64 libhwasan0 amd64 16-20260315-1ubuntu1~22~ppa1 [1750 kB]
Get:34 https://ppa.launchpadcontent.net/ubuntu-toolchain-r/test/ubuntu jammy/main amd64 libquadmath0 amd64 16-20260315-1ubuntu1~22~ppa1 [157 kB]
Get:35 https://ppa.launchpadcontent.net/ubuntu-toolchain-r/test/ubuntu jammy/main amd64 libgcc-14-dev amd64 14.3.0-12ubuntu1~22~ppa2 [2873 kB]
Get:36 https://ppa.launchpadcontent.net/ubuntu-toolchain-r/test/ubuntu jammy/main amd64 gcc-14-x86-64-linux-gnu amd64 14.3.0-12ubuntu1~22~ppa2 [23.7 MB]
Get:37 https://ppa.launchpadcontent.net/ubuntu-toolchain-r/test/ubuntu jammy/main amd64 libstdc++-14-dev amd64 14.3.0-12ubuntu1~22~ppa2 [2892 kB]
Get:38 https://ppa.launchpadcontent.net/ubuntu-toolchain-r/test/ubuntu jammy/main amd64 g++-14-x86-64-linux-gnu amd64 14.3.0-12ubuntu1~22~ppa2 [13.5 MB]
Get:39 https://ppa.launchpadcontent.net/ubuntu-toolchain-r/test/ubuntu jammy/main amd64 gcc-14 amd64 14.3.0-12ubuntu1~22~ppa2 [560 kB]
Get:40 https://ppa.launchpadcontent.net/ubuntu-toolchain-r/test/ubuntu jammy/main amd64 g++-14 amd64 14.3.0-12ubuntu1~22~ppa2 [28.1 kB]
debconf: delaying package configuration, since apt-utils is not installed
Fetched 136 MB in 19s (7285 kB/s)
Selecting previously unselected package gcc-16-base:amd64.
(Reading database ... 
(Reading database ... 5%
(Reading database ... 10%
(Reading database ... 15%
(Reading database ... 20%
(Reading database ... 25%
(Reading database ... 30%
(Reading database ... 35%
(Reading database ... 40%
(Reading database ... 45%
(Reading database ... 50%
(Reading database ... 55%
(Reading database ... 60%
(Reading database ... 65%
(Reading database ... 70%
(Reading database ... 75%
(Reading database ... 80%
(Reading database ... 85%
(Reading database ... 90%
(Reading database ... 95%
(Reading database ... 100%
(Reading database ... 13324 files and directories currently installed.)
Preparing to unpack .../gcc-16-base_16-20260315-1ubuntu1~22~ppa1_amd64.deb ...
Unpacking gcc-16-base:amd64 (16-20260315-1ubuntu1~22~ppa1) ...
Setting up gcc-16-base:amd64 (16-20260315-1ubuntu1~22~ppa1) ...
(Reading database ... 
(Reading database ... 5%
(Reading database ... 10%
(Reading database ... 15%
(Reading database ... 20%
(Reading database ... 25%
(Reading database ... 30%
(Reading database ... 35%
(Reading database ... 40%
(Reading database ... 45%
(Reading database ... 50%
(Reading database ... 55%
(Reading database ... 60%
(Reading database ... 65%
(Reading database ... 70%
(Reading database ... 75%
(Reading database ... 80%
(Reading database ... 85%
(Reading database ... 90%
(Reading database ... 95%
(Reading database ... 100%
(Reading database ... 13329 files and directories currently installed.)
Preparing to unpack .../libgcc-s1_16-20260315-1ubuntu1~22~ppa1_amd64.deb ...
Unpacking libgcc-s1:amd64 (16-20260315-1ubuntu1~22~ppa1) over (12.3.0-1ubuntu1~22.04.3) ...
Setting up libgcc-s1:amd64 (16-20260315-1ubuntu1~22~ppa1) ...
(Reading database ... 
(Reading database ... 5%
(Reading database ... 10%
(Reading database ... 15%
(Reading database ... 20%
(Reading database ... 25%
(Reading database ... 30%
(Reading database ... 35%
(Reading database ... 40%
(Reading database ... 45%
(Reading database ... 50%
(Reading database ... 55%
(Reading database ... 60%
(Reading database ... 65%
(Reading database ... 70%
(Reading database ... 75%
(Reading database ... 80%
(Reading database ... 85%
(Reading database ... 90%
(Reading database ... 95%
(Reading database ... 100%
(Reading database ... 13329 files and directories currently installed.)
Preparing to unpack .../libc6_2.35-0ubuntu3.15_amd64.deb ...
Unpacking libc6:amd64 (2.35-0ubuntu3.15) over (2.35-0ubuntu3.14) ...
Setting up libc6:amd64 (2.35-0ubuntu3.15) ...
(Reading database ... 
(Reading database ... 5%
(Reading database ... 10%
(Reading database ... 15%
(Reading database ... 20%
(Reading database ... 25%
(Reading database ... 30%
(Reading database ... 35%
(Reading database ... 40%
(Reading database ... 45%
(Reading database ... 50%
(Reading database ... 55%
(Reading database ... 60%
(Reading database ... 65%
(Reading database ... 70%
(Reading database ... 75%
(Reading database ... 80%
(Reading database ... 85%
(Reading database ... 90%
(Reading database ... 95%
(Reading database ... 100%
(Reading database ... 13329 files and directories currently installed.)
Preparing to unpack .../libstdc++6_16-20260315-1ubuntu1~22~ppa1_amd64.deb ...
Unpacking libstdc++6:amd64 (16-20260315-1ubuntu1~22~ppa1) over (12.3.0-1ubuntu1~22.04.3) ...
Setting up libstdc++6:amd64 (16-20260315-1ubuntu1~22~ppa1) ...
Selecting previously unselected package binutils-common:amd64.
(Reading database ... 
(Reading database ... 5%
(Reading database ... 10%
(Reading database ... 15%
(Reading database ... 20%
(Reading database ... 25%
(Reading database ... 30%
(Reading database ... 35%
(Reading database ... 40%
(Reading database ... 45%
(Reading database ... 50%
(Reading database ... 55%
(Reading database ... 60%
(Reading database ... 65%
(Reading database ... 70%
(Reading database ... 75%
(Reading database ... 80%
(Reading database ... 85%
(Reading database ... 90%
(Reading database ... 95%
(Reading database ... 100%
(Reading database ... 13329 files and directories currently installed.)
Preparing to unpack .../00-binutils-common_2.38-4ubuntu2.12_amd64.deb ...
Unpacking binutils-common:amd64 (2.38-4ubuntu2.12) ...
Selecting previously unselected package libbinutils:amd64.
Preparing to unpack .../01-libbinutils_2.38-4ubuntu2.12_amd64.deb ...
Unpacking libbinutils:amd64 (2.38-4ubuntu2.12) ...
Selecting previously unselected package libctf-nobfd0:amd64.
Preparing to unpack .../02-libctf-nobfd0_2.38-4ubuntu2.12_amd64.deb ...
Unpacking libctf-nobfd0:amd64 (2.38-4ubuntu2.12) ...
Selecting previously unselected package libctf0:amd64.
Preparing to unpack .../03-libctf0_2.38-4ubuntu2.12_amd64.deb ...
Unpacking libctf0:amd64 (2.38-4ubuntu2.12) ...
Selecting previously unselected package binutils-x86-64-linux-gnu.
Preparing to unpack .../04-binutils-x86-64-linux-gnu_2.38-4ubuntu2.12_amd64.deb ...
Unpacking binutils-x86-64-linux-gnu (2.38-4ubuntu2.12) ...
Selecting previously unselected package binutils.
Preparing to unpack .../05-binutils_2.38-4ubuntu2.12_amd64.deb ...
Unpacking binutils (2.38-4ubuntu2.12) ...
Selecting previously unselected package gcc-14-base:amd64.
Preparing to unpack .../06-gcc-14-base_14.3.0-12ubuntu1~22~ppa2_amd64.deb ...
Unpacking gcc-14-base:amd64 (14.3.0-12ubuntu1~22~ppa2) ...
Selecting previously unselected package libisl23:amd64.
Preparing to unpack .../07-libisl23_0.24-2build1_amd64.deb ...
Unpacking libisl23:amd64 (0.24-2build1) ...
Selecting previously unselected package libmpfr6:amd64.
Preparing to unpack .../08-libmpfr6_4.1.0-3build3_amd64.deb ...
Unpacking libmpfr6:amd64 (4.1.0-3build3) ...
Selecting previously unselected package libmpc3:amd64.
Preparing to unpack .../09-libmpc3_1.2.1-2build1_amd64.deb ...
Unpacking libmpc3:amd64 (1.2.1-2build1) ...
Selecting previously unselected package cpp-14-x86-64-linux-gnu.
Preparing to unpack .../10-cpp-14-x86-64-linux-gnu_14.3.0-12ubuntu1~22~ppa2_amd64.deb ...
Unpacking cpp-14-x86-64-linux-gnu (14.3.0-12ubuntu1~22~ppa2) ...
Selecting previously unselected package cpp-14.
Preparing to unpack .../11-cpp-14_14.3.0-12ubuntu1~22~ppa2_amd64.deb ...
Unpacking cpp-14 (14.3.0-12ubuntu1~22~ppa2) ...
Selecting previously unselected package libcc1-0:amd64.
Preparing to unpack .../12-libcc1-0_16-20260315-1ubuntu1~22~ppa1_amd64.deb ...
Unpacking libcc1-0:amd64 (16-20260315-1ubuntu1~22~ppa1) ...
Selecting previously unselected package libgomp1:amd64.
Preparing to unpack .../13-libgomp1_16-20260315-1ubuntu1~22~ppa1_amd64.deb ...
Unpacking libgomp1:amd64 (16-20260315-1ubuntu1~22~ppa1) ...
Selecting previously unselected package libitm1:amd64.
Preparing to unpack .../14-libitm1_16-20260315-1ubuntu1~22~ppa1_amd64.deb ...
Unpacking libitm1:amd64 (16-20260315-1ubuntu1~22~ppa1) ...
Selecting previously unselected package libatomic1:amd64.
Preparing to unpack .../15-libatomic1_16-20260315-1ubuntu1~22~ppa1_amd64.deb ...
Unpacking libatomic1:amd64 (16-20260315-1ubuntu1~22~ppa1) ...
Selecting previously unselected package libasan8:amd64.
Preparing to unpack .../16-libasan8_16-20260315-1ubuntu1~22~ppa1_amd64.deb ...
Unpacking libasan8:amd64 (16-20260315-1ubuntu1~22~ppa1) ...
Selecting previously unselected package liblsan0:amd64.
Preparing to unpack .../17-liblsan0_16-20260315-1ubuntu1~22~ppa1_amd64.deb ...
Unpacking liblsan0:amd64 (16-20260315-1ubuntu1~22~ppa1) ...
Selecting previously unselected package libtsan2:amd64.
Preparing to unpack .../18-libtsan2_16-20260315-1ubuntu1~22~ppa1_amd64.deb ...
Unpacking libtsan2:amd64 (16-20260315-1ubuntu1~22~ppa1) ...
Selecting previously unselected package libubsan1:amd64.
Preparing to unpack .../19-libubsan1_16-20260315-1ubuntu1~22~ppa1_amd64.deb ...
Unpacking libubsan1:amd64 (16-20260315-1ubuntu1~22~ppa1) ...
Selecting previously unselected package libhwasan0:amd64.
Preparing to unpack .../20-libhwasan0_16-20260315-1ubuntu1~22~ppa1_amd64.deb ...
Unpacking libhwasan0:amd64 (16-20260315-1ubuntu1~22~ppa1) ...
Selecting previously unselected package libquadmath0:amd64.
Preparing to unpack .../21-libquadmath0_16-20260315-1ubuntu1~22~ppa1_amd64.deb ...
Unpacking libquadmath0:amd64 (16-20260315-1ubuntu1~22~ppa1) ...
Selecting previously unselected package libgcc-14-dev:amd64.
Preparing to unpack .../22-libgcc-14-dev_14.3.0-12ubuntu1~22~ppa2_amd64.deb ...
Unpacking libgcc-14-dev:amd64 (14.3.0-12ubuntu1~22~ppa2) ...
Selecting previously unselected package gcc-14-x86-64-linux-gnu.
Preparing to unpack .../23-gcc-14-x86-64-linux-gnu_14.3.0-12ubuntu1~22~ppa2_amd64.deb ...
Unpacking gcc-14-x86-64-linux-gnu (14.3.0-12ubuntu1~22~ppa2) ...
Selecting previously unselected package libc-dev-bin.
Preparing to unpack .../24-libc-dev-bin_2.35-0ubuntu3.15_amd64.deb ...
Unpacking libc-dev-bin (2.35-0ubuntu3.15) ...
Selecting previously unselected package linux-libc-dev:amd64.
Preparing to unpack .../25-linux-libc-dev_5.15.0-194.204_amd64.deb ...
Unpacking linux-libc-dev:amd64 (5.15.0-194.204) ...
Selecting previously unselected package libcrypt-dev:amd64.
Preparing to unpack .../26-libcrypt-dev_1%3a4.4.27-1_amd64.deb ...
Unpacking libcrypt-dev:amd64 (1:4.4.27-1) ...
Selecting previously unselected package rpcsvc-proto.
Preparing to unpack .../27-rpcsvc-proto_1.4.2-0ubuntu6_amd64.deb ...
Unpacking rpcsvc-proto (1.4.2-0ubuntu6) ...
Selecting previously unselected package libtirpc-dev:amd64.
Preparing to unpack .../28-libtirpc-dev_1.3.2-2ubuntu0.1_amd64.deb ...
Unpacking libtirpc-dev:amd64 (1.3.2-2ubuntu0.1) ...
Selecting previously unselected package libnsl-dev:amd64.
Preparing to unpack .../29-libnsl-dev_1.3.0-2build2_amd64.deb ...
Unpacking libnsl-dev:amd64 (1.3.0-2build2) ...
Selecting previously unselected package libc6-dev:amd64.
Preparing to unpack .../30-libc6-dev_2.35-0ubuntu3.15_amd64.deb ...
Unpacking libc6-dev:amd64 (2.35-0ubuntu3.15) ...
Selecting previously unselected package libstdc++-14-dev:amd64.
Preparing to unpack .../31-libstdc++-14-dev_14.3.0-12ubuntu1~22~ppa2_amd64.deb ...
Unpacking libstdc++-14-dev:amd64 (14.3.0-12ubuntu1~22~ppa2) ...
Selecting previously unselected package g++-14-x86-64-linux-gnu.
Preparing to unpack .../32-g++-14-x86-64-linux-gnu_14.3.0-12ubuntu1~22~ppa2_amd64.deb ...
Unpacking g++-14-x86-64-linux-gnu (14.3.0-12ubuntu1~22~ppa2) ...
Selecting previously unselected package gcc-14.
Preparing to unpack .../33-gcc-14_14.3.0-12ubuntu1~22~ppa2_amd64.deb ...
Unpacking gcc-14 (14.3.0-12ubuntu1~22~ppa2) ...
Selecting previously unselected package g++-14.
Preparing to unpack .../34-g++-14_14.3.0-12ubuntu1~22~ppa2_amd64.deb ...
Unpacking g++-14 (14.3.0-12ubuntu1~22~ppa2) ...
Selecting previously unselected package powershell.
Preparing to unpack .../35-powershell_7.6.6-1.deb_amd64.deb ...
Unpacking powershell (7.6.6-1.deb) ...
Setting up gcc-14-base:amd64 (14.3.0-12ubuntu1~22~ppa2) ...
Setting up binutils-common:amd64 (2.38-4ubuntu2.12) ...
Setting up linux-libc-dev:amd64 (5.15.0-194.204) ...
Setting up libctf-nobfd0:amd64 (2.38-4ubuntu2.12) ...
Setting up libgomp1:amd64 (16-20260315-1ubuntu1~22~ppa1) ...
Setting up libtirpc-dev:amd64 (1.3.2-2ubuntu0.1) ...
Setting up rpcsvc-proto (1.4.2-0ubuntu6) ...
Setting up libmpfr6:amd64 (4.1.0-3build3) ...
Setting up libquadmath0:amd64 (16-20260315-1ubuntu1~22~ppa1) ...
Setting up libmpc3:amd64 (1.2.1-2build1) ...
Setting up libatomic1:amd64 (16-20260315-1ubuntu1~22~ppa1) ...
Setting up libubsan1:amd64 (16-20260315-1ubuntu1~22~ppa1) ...
Setting up libnsl-dev:amd64 (1.3.0-2build2) ...
Setting up libhwasan0:amd64 (16-20260315-1ubuntu1~22~ppa1) ...
Setting up libcrypt-dev:amd64 (1:4.4.27-1) ...
Setting up libasan8:amd64 (16-20260315-1ubuntu1~22~ppa1) ...
Setting up powershell (7.6.6-1.deb) ...
Setting up libtsan2:amd64 (16-20260315-1ubuntu1~22~ppa1) ...
Setting up libbinutils:amd64 (2.38-4ubuntu2.12) ...
Setting up libisl23:amd64 (0.24-2build1) ...
Setting up libc-dev-bin (2.35-0ubuntu3.15) ...
Setting up libcc1-0:amd64 (16-20260315-1ubuntu1~22~ppa1) ...
Setting up liblsan0:amd64 (16-20260315-1ubuntu1~22~ppa1) ...
Setting up libitm1:amd64 (16-20260315-1ubuntu1~22~ppa1) ...
Setting up libctf0:amd64 (2.38-4ubuntu2.12) ...
Setting up cpp-14-x86-64-linux-gnu (14.3.0-12ubuntu1~22~ppa2) ...
Setting up cpp-14 (14.3.0-12ubuntu1~22~ppa2) ...
Setting up libc6-dev:amd64 (2.35-0ubuntu3.15) ...
Setting up libgcc-14-dev:amd64 (14.3.0-12ubuntu1~22~ppa2) ...
Setting up libstdc++-14-dev:amd64 (14.3.0-12ubuntu1~22~ppa2) ...
Setting up binutils-x86-64-linux-gnu (2.38-4ubuntu2.12) ...
Setting up binutils (2.38-4ubuntu2.12) ...
Setting up gcc-14-x86-64-linux-gnu (14.3.0-12ubuntu1~22~ppa2) ...
Setting up gcc-14 (14.3.0-12ubuntu1~22~ppa2) ...
Setting up g++-14-x86-64-linux-gnu (14.3.0-12ubuntu1~22~ppa2) ...
Setting up g++-14 (14.3.0-12ubuntu1~22~ppa2) ...
Processing triggers for libc-bin (2.35-0ubuntu3.14) ...
+ python3 -m pip install --disable-pip-version-check --quiet --upgrade cmake ninja -r tools/measurement/requirements.txt
WARNING: Running pip as the 'root' user can result in broken permissions and conflicting behaviour with the system package manager. It is recommended to use a virtual environment instead: https://pip.pypa.io/warnings/venv
+ cmake --version
cmake version 4.4.3

CMake suite maintained and supported by Kitware (kitware.com/cmake).
+ g++-14 --version
+ head -n 1
g++-14 (Ubuntu 14.3.0-12ubuntu1~22~ppa2) 14.3.0
+ pwsh --version
PowerShell 7.6.6
++ command -v python3
+ cmake -S . -B build/roadmap-linux-release -G Ninja -DCMAKE_BUILD_TYPE=Release -DCMAKE_C_COMPILER=gcc-14 -DCMAKE_CXX_COMPILER=g++-14 -DKOI_TEST_TIMEOUT_SECONDS=300 -DKOI_BUILD_MODULES=ON -DKOI_BUILD_SHADOW_DIFF=ON -DKOI_ENABLE_GPU_NNUE=OFF -DPython3_EXECUTABLE=/usr/bin/python3
-- The CXX compiler identification is GNU 14.3.0
-- Detecting CXX compiler ABI info
-- Detecting CXX compiler ABI info - done
-- Check for working CXX compiler: /usr/bin/g++-14 - skipped
-- Detecting CXX compile features
-- Detecting CXX compile features - done
-- Performing Test CMAKE_HAVE_LIBC_PTHREAD
-- Performing Test CMAKE_HAVE_LIBC_PTHREAD - Success
-- Found Threads: TRUE
-- Configuring done (1.5s)
-- Generating done (1.8s)
CMake Warning (unused-cli):
  Manually-specified variables were not used by the project:

    CMAKE_C_COMPILER


-- Build files have been written to: /work/build/roadmap-linux-release
+ cmake --build build/roadmap-linux-release --config Release -j 2
[1/415] Scanning /work/src/koi/classical_evaluator.cpp for CXX dependencies
[2/415] Scanning /work/src/koi/detail/attack_tables.cpp for CXX dependencies
[3/415] Scanning /work/src/koi/detail/compatibility_mirror.cpp for CXX dependencies
[4/415] Scanning /work/src/koi/detail/evaluation_context.cpp for CXX dependencies
[5/415] Scanning /work/src/koi/detail/feature_state.cpp for CXX dependencies
[6/415] Scanning /work/src/koi/detail/root_coordinator.cpp for CXX dependencies
[7/415] Scanning /work/src/koi/detail/search_context.cpp for CXX dependencies
[8/415] Scanning /work/src/koi/detail/search_context_support.cpp for CXX dependencies
[9/415] Scanning /work/src/koi/detail/search_ordering_tables.cpp for CXX dependencies
[10/415] Scanning /work/src/koi/detail/search_runner.cpp for CXX dependencies
[11/415] Scanning /work/src/koi/detail/search_session.cpp for CXX dependencies
[12/415] Scanning /work/src/koi/completion_gate.cpp for CXX dependencies
[13/415] Scanning /work/src/koi/cpu_variant.cpp for CXX dependencies
[14/415] Scanning /work/src/koi/executable_path.cpp for CXX dependencies
[15/415] Scanning /work/src/koi/evaluation_features.cpp for CXX dependencies
[16/415] Scanning /work/src/koi/gpu/cuda_driver.cpp for CXX dependencies
[17/415] Scanning /work/src/koi/game_state.cpp for CXX dependencies
[18/415] Scanning /work/src/koi/gpu/gpu_nnue_service.cpp for CXX dependencies
[19/415] Scanning /work/src/koi/gpu/nnue_gpu_evaluator.cpp for CXX dependencies
[20/415] Scanning /work/src/koi/move.cpp for CXX dependencies
[21/415] Scanning /work/src/koi/move_chooser.cpp for CXX dependencies
[22/415] Scanning /work/src/koi/nnue.cpp for CXX dependencies
[23/415] Scanning /work/src/koi/opening_book.cpp for CXX dependencies
[24/415] Scanning /work/src/koi/perft.cpp for CXX dependencies
[25/415] Scanning /work/src/koi/policy_value_model.cpp for CXX dependencies
[26/415] Scanning /work/src/koi/position.cpp for CXX dependencies
[27/415] Scanning /work/src/koi/search_ordering.cpp for CXX dependencies
[28/415] Scanning /work/src/koi/search_service.cpp for CXX dependencies
[29/415] Scanning /work/src/koi/static_exchange.cpp for CXX dependencies
[30/415] Scanning /work/src/koi/syzygy_tablebase.cpp for CXX dependencies
[31/415] Scanning /work/src/koi/strength_suite.cpp for CXX dependencies
[32/415] Scanning /work/src/koi/time_manager.cpp for CXX dependencies
[33/415] Scanning /work/src/koi/transposition_table.cpp for CXX dependencies
[34/415] Scanning /work/third_party/fathom/tbprobe.c for CXX dependencies
[35/415] Scanning /work/src/koi/modules/types.ixx for CXX dependencies
[36/415] Scanning /work/src/koi/modules/position.ixx for CXX dependencies
[37/415] Scanning /work/src/koi/modules/eval.ixx for CXX dependencies
[38/415] Scanning /work/src/koi/modules/tablebase.ixx for CXX dependencies
[39/415] Scanning /work/src/koi/uci_controller.cpp for CXX dependencies
[40/415] Scanning /work/src/koi/modules/search.ixx for CXX dependencies
[41/415] Scanning /work/src/koi/modules/koi.ixx for CXX dependencies
[42/415] Scanning /work/src/koi/modules/runtime.ixx for CXX dependencies
[43/415] Scanning /work/src/koi/modules/types.ixx for CXX dependencies
[44/415] Scanning /work/src/koi/modules/position.ixx for CXX dependencies
[45/415] Scanning /work/src/koi/modules/eval.ixx for CXX dependencies
[46/415] Scanning /work/src/koi/modules/tablebase.ixx for CXX dependencies
[47/415] Scanning /work/src/koi/modules/search.ixx for CXX dependencies
[48/415] Scanning /work/src/koi/modules/runtime.ixx for CXX dependencies
[49/415] Scanning /work/src/koi/modules/koi.ixx for CXX dependencies
[50/415] Scanning /work/src/koi/cpu_features.cpp for CXX dependencies
[51/415] Generating CXX dyndep file CMakeFiles/koi_cpu_features.dir/CXX.dd
[52/415] Generating CXX dyndep file CMakeFiles/koi_core.dir/CXX.dd
[53/415] Building CXX object CMakeFiles/koi_cpu_features.dir/src/koi/cpu_features.cpp.o
[54/415] Generating CXX dyndep file 'CMakeFiles/koi_core@synth_0.dir/CXX.dd'
[55/415] Scanning /work/tools/engine/koi_replay.cpp for CXX dependencies
[56/415] Scanning /work/tools/engine/koi_nnue_fixture.cpp for CXX dependencies
[57/415] Building CXX object CMakeFiles/koi_core.dir/src/koi/classical_evaluator.cpp.o
[58/415] Building CXX object CMakeFiles/koi_core.dir/src/koi/detail/attack_tables.cpp.o
[59/415] Building CXX object CMakeFiles/koi_core.dir/src/koi/detail/compatibility_mirror.cpp.o
[60/415] Building CXX object CMakeFiles/koi_core.dir/src/koi/detail/evaluation_context.cpp.o
[61/415] Building CXX object CMakeFiles/koi_core.dir/src/koi/detail/root_coordinator.cpp.o
[62/415] Building CXX object CMakeFiles/koi_core.dir/src/koi/detail/feature_state.cpp.o
[63/415] Building CXX object CMakeFiles/koi_core.dir/src/koi/detail/search_context_support.cpp.o
[64/415] Building CXX object CMakeFiles/koi_core.dir/src/koi/detail/search_context.cpp.o
[65/415] Building CXX object CMakeFiles/koi_core.dir/src/koi/detail/search_ordering_tables.cpp.o
[66/415] Building CXX object CMakeFiles/koi_core.dir/src/koi/detail/search_session.cpp.o
[67/415] Building CXX object CMakeFiles/koi_core.dir/src/koi/detail/search_runner.cpp.o
[68/415] Building CXX object CMakeFiles/koi_core.dir/src/koi/completion_gate.cpp.o
[69/415] Building CXX object CMakeFiles/koi_core.dir/src/koi/cpu_variant.cpp.o
[70/415] Building CXX object CMakeFiles/koi_core.dir/src/koi/executable_path.cpp.o
[71/415] Building CXX object CMakeFiles/koi_core.dir/src/koi/evaluation_features.cpp.o
[72/415] Building CXX object CMakeFiles/koi_core.dir/src/koi/gpu/cuda_driver.cpp.o
[73/415] Building CXX object CMakeFiles/koi_core.dir/src/koi/game_state.cpp.o
[74/415] Building CXX object CMakeFiles/koi_core.dir/src/koi/gpu/gpu_nnue_service.cpp.o
[75/415] Building CXX object CMakeFiles/koi_core.dir/src/koi/move.cpp.o
[76/415] Building CXX object CMakeFiles/koi_core.dir/src/koi/gpu/nnue_gpu_evaluator.cpp.o
[77/415] Building CXX object CMakeFiles/koi_core.dir/src/koi/move_chooser.cpp.o
[78/415] Building CXX object CMakeFiles/koi_core.dir/src/koi/nnue.cpp.o
[79/415] Building CXX object CMakeFiles/koi_core.dir/src/koi/opening_book.cpp.o
[80/415] Building CXX object CMakeFiles/koi_core.dir/src/koi/perft.cpp.o
[81/415] Building CXX object CMakeFiles/koi_core.dir/src/koi/policy_value_model.cpp.o
[82/415] Building CXX object CMakeFiles/koi_core.dir/src/koi/position.cpp.o
[83/415] Building CXX object CMakeFiles/koi_core.dir/src/koi/search_service.cpp.o
[84/415] Building CXX object CMakeFiles/koi_core.dir/src/koi/search_ordering.cpp.o
[85/415] Building CXX object CMakeFiles/koi_core.dir/src/koi/static_exchange.cpp.o
[86/415] Building CXX object CMakeFiles/koi_core.dir/src/koi/strength_suite.cpp.o
[87/415] Building CXX object CMakeFiles/koi_core.dir/src/koi/syzygy_tablebase.cpp.o
[88/415] Building CXX object CMakeFiles/koi_core.dir/src/koi/time_manager.cpp.o
[89/415] Building CXX object CMakeFiles/koi_core.dir/src/koi/transposition_table.cpp.o
[90/415] Building CXX object CMakeFiles/koi_core.dir/third_party/fathom/tbprobe.c.o
[91/415] Building CXX object CMakeFiles/koi_core.dir/src/koi/modules/types.ixx.o
[92/415] Building CXX object CMakeFiles/koi_core.dir/src/koi/modules/position.ixx.o
[93/415] Building CXX object CMakeFiles/koi_core.dir/src/koi/modules/eval.ixx.o
[94/415] Building CXX object CMakeFiles/koi_core.dir/src/koi/modules/tablebase.ixx.o
[95/415] Building CXX object CMakeFiles/koi_core.dir/src/koi/modules/search.ixx.o
[96/415] Building CXX object CMakeFiles/koi_core.dir/src/koi/modules/runtime.ixx.o
[97/415] Building CXX object CMakeFiles/koi_core.dir/src/koi/modules/koi.ixx.o
[98/415] Generating CXX dyndep file CMakeFiles/koi_replay.dir/CXX.dd
[99/415] Generating CXX dyndep file CMakeFiles/koi_nnue_fixture.dir/CXX.dd
[100/415] Building CXX object CMakeFiles/koi_core.dir/src/koi/uci_controller.cpp.o
[101/415] Building CXX object CMakeFiles/koi_replay.dir/tools/engine/koi_replay.cpp.o
[102/415] Linking CXX static library libkoi_core.a
[103/415] Building CXX object CMakeFiles/koi_nnue_fixture.dir/tools/engine/koi_nnue_fixture.cpp.o
[104/415] Scanning /work/src/koi/classical_evaluator.cpp for CXX dependencies
[105/415] Scanning /work/src/koi/detail/attack_tables.cpp for CXX dependencies
[106/415] Scanning /work/src/koi/detail/compatibility_mirror.cpp for CXX dependencies
[107/415] Scanning /work/src/koi/detail/evaluation_context.cpp for CXX dependencies
[108/415] Scanning /work/src/koi/detail/feature_state.cpp for CXX dependencies
[109/415] Scanning /work/src/koi/detail/root_coordinator.cpp for CXX dependencies
[110/415] Scanning /work/src/koi/detail/search_context_support.cpp for CXX dependencies
[111/415] Scanning /work/src/koi/detail/search_context.cpp for CXX dependencies
[112/415] Scanning /work/src/koi/detail/search_ordering_tables.cpp for CXX dependencies
[113/415] Scanning /work/src/koi/detail/search_runner.cpp for CXX dependencies
[114/415] Scanning /work/src/koi/detail/search_session.cpp for CXX dependencies
[115/415] Scanning /work/src/koi/completion_gate.cpp for CXX dependencies
[116/415] Scanning /work/src/koi/cpu_variant.cpp for CXX dependencies
[117/415] Scanning /work/src/koi/executable_path.cpp for CXX dependencies
[118/415] Scanning /work/src/koi/evaluation_features.cpp for CXX dependencies
[119/415] Scanning /work/src/koi/gpu/cuda_driver.cpp for CXX dependencies
[120/415] Scanning /work/src/koi/game_state.cpp for CXX dependencies
[121/415] Scanning /work/src/koi/gpu/gpu_nnue_service.cpp for CXX dependencies
[122/415] Scanning /work/src/koi/gpu/nnue_gpu_evaluator.cpp for CXX dependencies
[123/415] Scanning /work/src/koi/move.cpp for CXX dependencies
[124/415] Scanning /work/src/koi/move_chooser.cpp for CXX dependencies
[125/415] Scanning /work/src/koi/nnue.cpp for CXX dependencies
[126/415] Scanning /work/src/koi/opening_book.cpp for CXX dependencies
[127/415] Scanning /work/src/koi/perft.cpp for CXX dependencies
[128/415] Scanning /work/src/koi/policy_value_model.cpp for CXX dependencies
[129/415] Scanning /work/src/koi/position.cpp for CXX dependencies
[130/415] Scanning /work/src/koi/search_service.cpp for CXX dependencies
[131/415] Scanning /work/src/koi/search_ordering.cpp for CXX dependencies
[132/415] Scanning /work/src/koi/static_exchange.cpp for CXX dependencies
[133/415] Scanning /work/src/koi/syzygy_tablebase.cpp for CXX dependencies
[134/415] Scanning /work/src/koi/strength_suite.cpp for CXX dependencies
[135/415] Scanning /work/src/koi/time_manager.cpp for CXX dependencies
[136/415] Scanning /work/src/koi/transposition_table.cpp for CXX dependencies
[137/415] Scanning /work/third_party/fathom/tbprobe.c for CXX dependencies
[138/415] Scanning /work/src/koi/uci_controller.cpp for CXX dependencies
[139/415] Scanning /work/src/koi/classical_evaluator.cpp for CXX dependencies
[140/415] Scanning /work/src/koi/detail/attack_tables.cpp for CXX dependencies
[141/415] Scanning /work/src/koi/detail/compatibility_mirror.cpp for CXX dependencies
[142/415] Scanning /work/src/koi/detail/evaluation_context.cpp for CXX dependencies
[143/415] Scanning /work/src/koi/detail/root_coordinator.cpp for CXX dependencies
[144/415] Scanning /work/src/koi/detail/feature_state.cpp for CXX dependencies
[145/415] Scanning /work/src/koi/detail/search_context_support.cpp for CXX dependencies
[146/415] Scanning /work/src/koi/detail/search_context.cpp for CXX dependencies
[147/415] Scanning /work/src/koi/detail/search_ordering_tables.cpp for CXX dependencies
[148/415] Scanning /work/src/koi/detail/search_runner.cpp for CXX dependencies
[149/415] Scanning /work/src/koi/detail/search_session.cpp for CXX dependencies
[150/415] Scanning /work/src/koi/completion_gate.cpp for CXX dependencies
[151/415] Scanning /work/src/koi/cpu_variant.cpp for CXX dependencies
[152/415] Scanning /work/src/koi/executable_path.cpp for CXX dependencies
[153/415] Scanning /work/src/koi/evaluation_features.cpp for CXX dependencies
[154/415] Scanning /work/src/koi/gpu/cuda_driver.cpp for CXX dependencies
[155/415] Scanning /work/src/koi/game_state.cpp for CXX dependencies
[156/415] Scanning /work/src/koi/gpu/gpu_nnue_service.cpp for CXX dependencies
[157/415] Scanning /work/src/koi/gpu/nnue_gpu_evaluator.cpp for CXX dependencies
[158/415] Scanning /work/src/koi/move.cpp for CXX dependencies
[159/415] Scanning /work/src/koi/move_chooser.cpp for CXX dependencies
[160/415] Scanning /work/src/koi/nnue.cpp for CXX dependencies
[161/415] Scanning /work/src/koi/opening_book.cpp for CXX dependencies
[162/415] Scanning /work/src/koi/perft.cpp for CXX dependencies
[163/415] Scanning /work/src/koi/position.cpp for CXX dependencies
[164/415] Scanning /work/src/koi/policy_value_model.cpp for CXX dependencies
[165/415] Scanning /work/src/koi/search_ordering.cpp for CXX dependencies
[166/415] Scanning /work/src/koi/search_service.cpp for CXX dependencies
[167/415] Scanning /work/src/koi/static_exchange.cpp for CXX dependencies
[168/415] Scanning /work/src/koi/syzygy_tablebase.cpp for CXX dependencies
[169/415] Scanning /work/src/koi/strength_suite.cpp for CXX dependencies
[170/415] Scanning /work/src/koi/time_manager.cpp for CXX dependencies
[171/415] Scanning /work/src/koi/transposition_table.cpp for CXX dependencies
[172/415] Scanning /work/third_party/fathom/tbprobe.c for CXX dependencies
[173/415] Scanning /work/src/koi/uci_controller.cpp for CXX dependencies
[174/415] Linking CXX executable koi-nnue-fixture
[175/415] Scanning /work/src/koi/cpu_variant_guard.cpp for CXX dependencies
[176/415] Scanning /work/src/koi/cpu_variant_guard.cpp for CXX dependencies
[177/415] Generating CXX dyndep file CMakeFiles/koi_core_avx512.dir/CXX.dd
[178/415] Linking CXX executable koi-replay
lto-wrapper: warning: using serial compilation of 2 LTRANS jobs
lto-wrapper: note: see the ‘-flto’ option documentation for more information
[179/415] Generating CXX dyndep file CMakeFiles/koi_core_generic.dir/CXX.dd
[180/415] Scanning /work/tools/engine/koi_gpu_probe.cpp for CXX dependencies
[181/415] Scanning /work/tests/unit/runtime/gpu_nnue_tests.cpp for CXX dependencies
[182/415] Scanning /work/tests/integration/rules/native_shadow_diff_tests.cpp for CXX dependencies
[183/415] Scanning /work/tests/unit/core/koi_core_tests.cpp for CXX dependencies
[184/415] Scanning /work/tests/unit/evaluation/evaluation_boundary_tests.cpp for CXX dependencies
[185/415] Scanning /work/tests/unit/evaluation/evaluation_architecture_tests.cpp for CXX dependencies
[186/415] Scanning /work/tests/unit/evaluation/nnue_boundary_tests.cpp for CXX dependencies
[187/415] Scanning /work/tests/unit/runtime/cpu_features_tests.cpp for CXX dependencies
[188/415] Scanning /work/tests/unit/runtime/cpu_variant_tests.cpp for CXX dependencies
[189/415] Scanning /work/tests/unit/core/koi_module_tests.cpp for CXX dependencies
[190/415] Scanning /work/tests/unit/runtime/syzygy_tablebase_tests.cpp for CXX dependencies
[191/415] Scanning /work/tests/unit/rules/koi_rules_tests.cpp for CXX dependencies
[192/415] Scanning /work/tests/unit/rules/native_rule_state_tests.cpp for CXX dependencies
[193/415] Scanning /work/tests/unit/runtime/opening_book_tests.cpp for CXX dependencies
[194/415] Scanning /work/tests/unit/runtime/completion_gate_tests.cpp for CXX dependencies
[195/415] Scanning /work/tests/unit/runtime/uci_controller_tests.cpp for CXX dependencies
[196/415] Scanning /work/tests/unit/search/search_ordering_tests.cpp for CXX dependencies
[197/415] Scanning /work/tests/unit/search/koi_search_tests.cpp for CXX dependencies
[198/415] Scanning /work/tests/unit/search/search_architecture_tests.cpp for CXX dependencies
[199/415] Scanning /work/tests/unit/search/search_policy_tests.cpp for CXX dependencies
[200/415] Scanning /work/tests/unit/search/search_runtime_tests.cpp for CXX dependencies
[201/415] Scanning /work/tests/unit/search/static_exchange_tests.cpp for CXX dependencies
[202/415] Scanning /work/tests/unit/runtime/transposition_table_tests.cpp for CXX dependencies
[203/415] Scanning /work/tests/unit/runtime/search_service_tests.cpp for CXX dependencies
[204/415] Scanning /work/tests/unit/runtime/koi_soak_tests.cpp for CXX dependencies
[205/415] Scanning /work/tests/unit/evaluation/classical_evaluator_tests.cpp for CXX dependencies
[206/415] Scanning /work/tests/unit/evaluation/evaluation_features_tests.cpp for CXX dependencies
[207/415] Scanning /work/tests/unit/evaluation/policy_value_model_tests.cpp for CXX dependencies
[208/415] Scanning /work/tests/unit/search/time_manager_tests.cpp for CXX dependencies
[209/415] Scanning /work/tests/unit/search/koi_strength_tests.cpp for CXX dependencies
[210/415] Scanning /work/tests/unit/rules/perft_tests.cpp for CXX dependencies
[211/415] Scanning /work/tests/integration/tools/koi_replay_tests.cpp for CXX dependencies
[212/415] Scanning /work/tests/integration/tools/uci_match_fixture.cpp for CXX dependencies
[213/415] Scanning /work/tools/engine/perft.cpp for CXX dependencies
[214/415] Scanning /work/tests/integration/tools/koi_nnue_fixture_tests.cpp for CXX dependencies
[215/415] Scanning /work/tools/engine/koi_eval_features.cpp for CXX dependencies
[216/415] Scanning /work/tools/engine/koi_bench.cpp for CXX dependencies
[217/415] Scanning /work/src/main.cpp for CXX dependencies
[218/415] Scanning /work/src/main.cpp for CXX dependencies
[219/415] Generating CXX dyndep file CMakeFiles/koi_cpu_guard_avx2.dir/CXX.dd
[220/415] Generating CXX dyndep file CMakeFiles/koi_cpu_guard_avx512.dir/CXX.dd
[221/415] Scanning /work/src/main.cpp for CXX dependencies
[222/415] Building CXX object CMakeFiles/koi_core_avx512.dir/src/koi/classical_evaluator.cpp.o
[223/415] Building CXX object CMakeFiles/koi_core_avx512.dir/src/koi/detail/attack_tables.cpp.o
[224/415] Building CXX object CMakeFiles/koi_core_avx512.dir/src/koi/detail/compatibility_mirror.cpp.o
[225/415] Building CXX object CMakeFiles/koi_core_avx512.dir/src/koi/detail/evaluation_context.cpp.o
[226/415] Building CXX object CMakeFiles/koi_core_avx512.dir/src/koi/detail/root_coordinator.cpp.o
[227/415] Building CXX object CMakeFiles/koi_core_avx512.dir/src/koi/detail/feature_state.cpp.o
[228/415] Building CXX object CMakeFiles/koi_core_avx512.dir/src/koi/detail/search_context_support.cpp.o
[229/415] Building CXX object CMakeFiles/koi_core_avx512.dir/src/koi/detail/search_context.cpp.o
[230/415] Building CXX object CMakeFiles/koi_core_avx512.dir/src/koi/detail/search_ordering_tables.cpp.o
[231/415] Building CXX object CMakeFiles/koi_core_avx512.dir/src/koi/detail/search_session.cpp.o
[232/415] Building CXX object CMakeFiles/koi_core_avx512.dir/src/koi/detail/search_runner.cpp.o
[233/415] Building CXX object CMakeFiles/koi_core_avx512.dir/src/koi/completion_gate.cpp.o
[234/415] Building CXX object CMakeFiles/koi_core_avx512.dir/src/koi/cpu_variant.cpp.o
[235/415] Building CXX object CMakeFiles/koi_core_avx512.dir/src/koi/executable_path.cpp.o
[236/415] Building CXX object CMakeFiles/koi_core_avx512.dir/src/koi/evaluation_features.cpp.o
[237/415] Building CXX object CMakeFiles/koi_core_avx512.dir/src/koi/gpu/cuda_driver.cpp.o
[238/415] Building CXX object CMakeFiles/koi_core_avx512.dir/src/koi/game_state.cpp.o
[239/415] Building CXX object CMakeFiles/koi_core_avx512.dir/src/koi/gpu/gpu_nnue_service.cpp.o
[240/415] Building CXX object CMakeFiles/koi_core_avx512.dir/src/koi/move.cpp.o
[241/415] Building CXX object CMakeFiles/koi_core_avx512.dir/src/koi/gpu/nnue_gpu_evaluator.cpp.o
[242/415] Building CXX object CMakeFiles/koi_core_avx512.dir/src/koi/move_chooser.cpp.o
[243/415] Building CXX object CMakeFiles/koi_core_avx512.dir/src/koi/nnue.cpp.o
[244/415] Building CXX object CMakeFiles/koi_core_avx512.dir/src/koi/opening_book.cpp.o
[245/415] Building CXX object CMakeFiles/koi_core_avx512.dir/src/koi/perft.cpp.o
[246/415] Building CXX object CMakeFiles/koi_core_avx512.dir/src/koi/policy_value_model.cpp.o
[247/415] Building CXX object CMakeFiles/koi_core_avx512.dir/src/koi/position.cpp.o
[248/415] Building CXX object CMakeFiles/koi_core_avx512.dir/src/koi/search_service.cpp.o
[249/415] Building CXX object CMakeFiles/koi_core_avx512.dir/src/koi/search_ordering.cpp.o
[250/415] Building CXX object CMakeFiles/koi_core_avx512.dir/src/koi/static_exchange.cpp.o
[251/415] Building CXX object CMakeFiles/koi_core_avx512.dir/src/koi/strength_suite.cpp.o
[252/415] Building CXX object CMakeFiles/koi_core_avx512.dir/src/koi/syzygy_tablebase.cpp.o
[253/415] Building CXX object CMakeFiles/koi_core_avx512.dir/src/koi/transposition_table.cpp.o
[254/415] Building CXX object CMakeFiles/koi_core_avx512.dir/src/koi/time_manager.cpp.o
[255/415] Building CXX object CMakeFiles/koi_core_avx512.dir/third_party/fathom/tbprobe.c.o
[256/415] Building CXX object CMakeFiles/koi_core_generic.dir/src/koi/classical_evaluator.cpp.o
[257/415] Building CXX object CMakeFiles/koi_core_avx512.dir/src/koi/uci_controller.cpp.o
[258/415] Building CXX object CMakeFiles/koi_core_generic.dir/src/koi/detail/attack_tables.cpp.o
[259/415] Building CXX object CMakeFiles/koi_core_generic.dir/src/koi/detail/compatibility_mirror.cpp.o
[260/415] Building CXX object CMakeFiles/koi_core_generic.dir/src/koi/detail/evaluation_context.cpp.o
[261/415] Building CXX object CMakeFiles/koi_core_generic.dir/src/koi/detail/root_coordinator.cpp.o
[262/415] Building CXX object CMakeFiles/koi_core_generic.dir/src/koi/detail/feature_state.cpp.o
[263/415] Building CXX object CMakeFiles/koi_core_generic.dir/src/koi/detail/search_context_support.cpp.o
[264/415] Building CXX object CMakeFiles/koi_core_generic.dir/src/koi/detail/search_context.cpp.o
[265/415] Building CXX object CMakeFiles/koi_core_generic.dir/src/koi/detail/search_ordering_tables.cpp.o
[266/415] Building CXX object CMakeFiles/koi_core_generic.dir/src/koi/detail/search_session.cpp.o
[267/415] Building CXX object CMakeFiles/koi_core_generic.dir/src/koi/detail/search_runner.cpp.o
[268/415] Building CXX object CMakeFiles/koi_core_generic.dir/src/koi/cpu_variant.cpp.o
[269/415] Building CXX object CMakeFiles/koi_core_generic.dir/src/koi/completion_gate.cpp.o
[270/415] Building CXX object CMakeFiles/koi_core_generic.dir/src/koi/executable_path.cpp.o
[271/415] Building CXX object CMakeFiles/koi_core_generic.dir/src/koi/evaluation_features.cpp.o
[272/415] Building CXX object CMakeFiles/koi_core_generic.dir/src/koi/gpu/cuda_driver.cpp.o
[273/415] Building CXX object CMakeFiles/koi_core_generic.dir/src/koi/game_state.cpp.o
[274/415] Building CXX object CMakeFiles/koi_core_generic.dir/src/koi/gpu/gpu_nnue_service.cpp.o
[275/415] Building CXX object CMakeFiles/koi_core_generic.dir/src/koi/move.cpp.o
[276/415] Building CXX object CMakeFiles/koi_core_generic.dir/src/koi/gpu/nnue_gpu_evaluator.cpp.o
[277/415] Building CXX object CMakeFiles/koi_core_generic.dir/src/koi/move_chooser.cpp.o
[278/415] Building CXX object CMakeFiles/koi_core_generic.dir/src/koi/nnue.cpp.o
[279/415] Building CXX object CMakeFiles/koi_core_generic.dir/src/koi/opening_book.cpp.o
[280/415] Building CXX object CMakeFiles/koi_core_generic.dir/src/koi/perft.cpp.o
[281/415] Building CXX object CMakeFiles/koi_core_generic.dir/src/koi/policy_value_model.cpp.o
[282/415] Building CXX object CMakeFiles/koi_core_generic.dir/src/koi/position.cpp.o
[283/415] Building CXX object CMakeFiles/koi_core_generic.dir/src/koi/search_ordering.cpp.o
[284/415] Building CXX object CMakeFiles/koi_core_generic.dir/src/koi/search_service.cpp.o
[285/415] Building CXX object CMakeFiles/koi_core_generic.dir/src/koi/static_exchange.cpp.o
[286/415] Building CXX object CMakeFiles/koi_core_generic.dir/src/koi/syzygy_tablebase.cpp.o
[287/415] Building CXX object CMakeFiles/koi_core_generic.dir/src/koi/strength_suite.cpp.o
[288/415] Building CXX object CMakeFiles/koi_core_generic.dir/src/koi/transposition_table.cpp.o
[289/415] Building CXX object CMakeFiles/koi_core_generic.dir/src/koi/time_manager.cpp.o
[290/415] Building CXX object CMakeFiles/koi_core_generic.dir/third_party/fathom/tbprobe.c.o
[291/415] Generating CXX dyndep file CMakeFiles/koi_gpu_probe.dir/CXX.dd
[292/415] Generating CXX dyndep file CMakeFiles/gpu_nnue_tests.dir/CXX.dd
[293/415] Generating CXX dyndep file CMakeFiles/koi_shadow_diff_tests.dir/CXX.dd
[294/415] Generating CXX dyndep file CMakeFiles/koi_core_tests.dir/CXX.dd
[295/415] Generating CXX dyndep file CMakeFiles/evaluation_boundary_tests.dir/CXX.dd
[296/415] Generating CXX dyndep file CMakeFiles/evaluation_architecture_tests.dir/CXX.dd
[297/415] Generating CXX dyndep file CMakeFiles/nnue_boundary_tests.dir/CXX.dd
[298/415] Generating CXX dyndep file CMakeFiles/koi_cpu_features_tests.dir/CXX.dd
[299/415] Generating CXX dyndep file CMakeFiles/koi_cpu_variant_tests.dir/CXX.dd
[300/415] Generating CXX dyndep file CMakeFiles/koi_module_tests.dir/CXX.dd
[301/422] Generating CXX dyndep file CMakeFiles/syzygy_tablebase_tests.dir/CXX.dd
[302/422] Generating CXX dyndep file CMakeFiles/koi_rules_tests.dir/CXX.dd
[303/422] Generating CXX dyndep file CMakeFiles/native_rule_state_tests.dir/CXX.dd
[304/422] Generating CXX dyndep file CMakeFiles/opening_book_tests.dir/CXX.dd
[305/422] Generating CXX dyndep file CMakeFiles/uci_controller_tests.dir/CXX.dd
[306/422] Generating CXX dyndep file CMakeFiles/completion_gate_tests.dir/CXX.dd
[307/422] Generating CXX dyndep file CMakeFiles/koi_search_tests.dir/CXX.dd
[308/422] Generating CXX dyndep file CMakeFiles/search_ordering_tests.dir/CXX.dd
[309/422] Generating CXX dyndep file CMakeFiles/search_architecture_tests.dir/CXX.dd
[310/422] Generating CXX dyndep file CMakeFiles/search_policy_tests.dir/CXX.dd
[311/422] Generating CXX dyndep file CMakeFiles/search_runtime_tests.dir/CXX.dd
[312/422] Generating CXX dyndep file CMakeFiles/static_exchange_tests.dir/CXX.dd
[313/422] Generating CXX dyndep file CMakeFiles/transposition_table_tests.dir/CXX.dd
[314/422] Generating CXX dyndep file CMakeFiles/search_service_tests.dir/CXX.dd
[315/422] Generating CXX dyndep file CMakeFiles/koi_soak_tests.dir/CXX.dd
[316/422] Generating CXX dyndep file CMakeFiles/classical_evaluator_tests.dir/CXX.dd
[317/422] Generating CXX dyndep file CMakeFiles/evaluation_features_tests.dir/CXX.dd
[318/422] Generating CXX dyndep file CMakeFiles/policy_value_model_tests.dir/CXX.dd
[319/422] Generating CXX dyndep file CMakeFiles/time_manager_tests.dir/CXX.dd
[320/422] Generating CXX dyndep file CMakeFiles/koi_strength_tests.dir/CXX.dd
[321/422] Generating CXX dyndep file CMakeFiles/perft_tests.dir/CXX.dd
[322/422] Generating CXX dyndep file CMakeFiles/koi_replay_tests.dir/CXX.dd
[323/422] Generating CXX dyndep file CMakeFiles/koi_nnue_fixture_tests.dir/CXX.dd
[324/422] Generating CXX dyndep file CMakeFiles/uci_match_fixture.dir/CXX.dd
[325/422] Generating CXX dyndep file CMakeFiles/koi_perft.dir/CXX.dd
[326/422] Generating CXX dyndep file CMakeFiles/koi_bench.dir/CXX.dd
[327/422] Generating CXX dyndep file CMakeFiles/koi_eval_features.dir/CXX.dd
[328/422] Generating CXX dyndep file CMakeFiles/koi_engine.dir/CXX.dd
[329/422] Generating CXX dyndep file CMakeFiles/koi_engine_avx2.dir/CXX.dd
[330/422] Generating CXX dyndep file CMakeFiles/koi_engine_avx512.dir/CXX.dd
[331/422] Building CXX object CMakeFiles/koi_cpu_guard_avx2.dir/src/koi/cpu_variant_guard.cpp.o
[332/422] Building CXX object CMakeFiles/koi_cpu_guard_avx512.dir/src/koi/cpu_variant_guard.cpp.o
[333/422] Building CXX object CMakeFiles/koi_core_generic.dir/src/koi/uci_controller.cpp.o
[334/422] Linking CXX static library libkoi_core_avx512.a
[335/422] Building CXX object CMakeFiles/koi_gpu_probe.dir/tools/engine/koi_gpu_probe.cpp.o
[336/422] Linking CXX static library libkoi_core_generic.a
[337/422] Building CXX object CMakeFiles/gpu_nnue_tests.dir/tests/unit/runtime/gpu_nnue_tests.cpp.o
[338/422] Building CXX object CMakeFiles/koi_shadow_diff_tests.dir/tests/integration/rules/native_shadow_diff_tests.cpp.o
[339/422] Building CXX object CMakeFiles/koi_core_tests.dir/tests/unit/core/koi_core_tests.cpp.o
[340/422] Building CXX object CMakeFiles/evaluation_boundary_tests.dir/tests/unit/evaluation/evaluation_boundary_tests.cpp.o
[341/422] Building CXX object CMakeFiles/evaluation_architecture_tests.dir/tests/unit/evaluation/evaluation_architecture_tests.cpp.o
[342/422] Building CXX object CMakeFiles/nnue_boundary_tests.dir/tests/unit/evaluation/nnue_boundary_tests.cpp.o
[343/422] Building CXX object CMakeFiles/koi_cpu_features_tests.dir/tests/unit/runtime/cpu_features_tests.cpp.o
[344/422] Building CXX object CMakeFiles/koi_cpu_variant_tests.dir/tests/unit/runtime/cpu_variant_tests.cpp.o
[345/422] Building CXX object CMakeFiles/syzygy_tablebase_tests.dir/tests/unit/runtime/syzygy_tablebase_tests.cpp.o
[346/422] Building CXX object CMakeFiles/koi_rules_tests.dir/tests/unit/rules/koi_rules_tests.cpp.o
[347/422] Building CXX object CMakeFiles/opening_book_tests.dir/tests/unit/runtime/opening_book_tests.cpp.o
[348/422] Building CXX object CMakeFiles/native_rule_state_tests.dir/tests/unit/rules/native_rule_state_tests.cpp.o
[349/422] Building CXX object CMakeFiles/completion_gate_tests.dir/tests/unit/runtime/completion_gate_tests.cpp.o
[350/422] Building CXX object CMakeFiles/uci_controller_tests.dir/tests/unit/runtime/uci_controller_tests.cpp.o
[351/422] Building CXX object CMakeFiles/search_ordering_tests.dir/tests/unit/search/search_ordering_tests.cpp.o
[352/422] Building CXX object CMakeFiles/koi_search_tests.dir/tests/unit/search/koi_search_tests.cpp.o
/work/tests/unit/search/koi_search_tests.cpp: In function ‘void {anonymous}::test_service_hash_configuration_survives_default_start_and_non_default_override()’:
/work/tests/unit/search/koi_search_tests.cpp:4225:29: warning: ignoring return value of ‘koi::HashResizeResult koi::SearchService::set_hash_size_mb(std::size_t)’, declared with attribute ‘nodiscard’ [-Wunused-result]
 4225 |     service.set_hash_size_mb(1);
      |     ~~~~~~~~~~~~~~~~~~~~~~~~^~~
In file included from /work/tests/unit/search/koi_search_tests.cpp:25:
/work/src/koi/search_service.hpp:47:36: note: declared here
   47 |     [[nodiscard]] HashResizeResult set_hash_size_mb(std::size_t megabytes);
      |                                    ^~~~~~~~~~~~~~~~
/work/tests/unit/search/koi_search_tests.cpp: In function ‘void {anonymous}::test_hash_configuration_clamps_to_uci_bounds_and_clear_discards_warmed_entries()’:
/work/tests/unit/search/koi_search_tests.cpp:4255:29: warning: ignoring return value of ‘koi::HashResizeResult koi::SearchService::set_hash_size_mb(std::size_t)’, declared with attribute ‘nodiscard’ [-Wunused-result]
 4255 |     service.set_hash_size_mb(0);
      |     ~~~~~~~~~~~~~~~~~~~~~~~~^~~
/work/src/koi/search_service.hpp:47:36: note: declared here
   47 |     [[nodiscard]] HashResizeResult set_hash_size_mb(std::size_t megabytes);
      |                                    ^~~~~~~~~~~~~~~~
/work/tests/unit/search/koi_search_tests.cpp: In function ‘void {anonymous}::test_transposition_table_stores_probes_and_clears_entries()’:
/work/tests/unit/search/koi_search_tests.cpp:4283:22: warning: ignoring return value of ‘koi::HashResizeResult koi::TranspositionTable::set_size_mb(std::size_t)’, declared with attribute ‘nodiscard’ [-Wunused-result]
 4283 |     table.set_size_mb(1);
      |     ~~~~~~~~~~~~~~~~~^~~
In file included from /work/src/koi/detail/search_table_access.hpp:8,
                 from /work/src/koi/detail/search_context.hpp:23,
                 from /work/tests/unit/search/koi_search_tests.cpp:22:
/work/src/koi/transposition_table.hpp:108:36: note: declared here
  108 |     [[nodiscard]] HashResizeResult set_size_mb(std::size_t megabytes) noexcept;
      |                                    ^~~~~~~~~~~
/work/tests/unit/search/koi_search_tests.cpp: In function ‘void {anonymous}::test_transposition_table_survives_concurrent_probe_store_and_resize()’:
/work/tests/unit/search/koi_search_tests.cpp:4498:26: warning: ignoring return value of ‘koi::HashResizeResult koi::TranspositionTable::set_size_mb(std::size_t)’, declared with attribute ‘nodiscard’ [-Wunused-result]
 4498 |         table.set_size_mb(megabytes);
      |         ~~~~~~~~~~~~~~~~~^~~~~~~~~~~
/work/src/koi/transposition_table.hpp:108:36: note: declared here
  108 |     [[nodiscard]] HashResizeResult set_size_mb(std::size_t megabytes) noexcept;
      |                                    ^~~~~~~~~~~
/work/tests/unit/search/koi_search_tests.cpp: In lambda function:
/work/tests/unit/search/koi_search_tests.cpp:4532:30: warning: ignoring return value of ‘koi::HashResizeResult koi::TranspositionTable::set_size_mb(std::size_t)’, declared with attribute ‘nodiscard’ [-Wunused-result]
 4532 |             table.set_size_mb(megabytes);
      |             ~~~~~~~~~~~~~~~~~^~~~~~~~~~~
/work/src/koi/transposition_table.hpp:108:36: note: declared here
  108 |     [[nodiscard]] HashResizeResult set_size_mb(std::size_t megabytes) noexcept;
      |                                    ^~~~~~~~~~~
[353/422] Building CXX object CMakeFiles/search_architecture_tests.dir/tests/unit/search/search_architecture_tests.cpp.o
[354/422] Building CXX object CMakeFiles/search_policy_tests.dir/tests/unit/search/search_policy_tests.cpp.o
[355/422] Building CXX object CMakeFiles/search_runtime_tests.dir/tests/unit/search/search_runtime_tests.cpp.o
[356/422] Building CXX object CMakeFiles/static_exchange_tests.dir/tests/unit/search/static_exchange_tests.cpp.o
[357/422] Building CXX object CMakeFiles/transposition_table_tests.dir/tests/unit/runtime/transposition_table_tests.cpp.o
[358/422] Building CXX object CMakeFiles/search_service_tests.dir/tests/unit/runtime/search_service_tests.cpp.o
[359/422] Building CXX object CMakeFiles/koi_soak_tests.dir/tests/unit/runtime/koi_soak_tests.cpp.o
[360/422] Building CXX object CMakeFiles/classical_evaluator_tests.dir/tests/unit/evaluation/classical_evaluator_tests.cpp.o
[361/422] Building CXX object CMakeFiles/evaluation_features_tests.dir/tests/unit/evaluation/evaluation_features_tests.cpp.o
[362/422] Building CXX object CMakeFiles/policy_value_model_tests.dir/tests/unit/evaluation/policy_value_model_tests.cpp.o
[363/422] Building CXX object CMakeFiles/time_manager_tests.dir/tests/unit/search/time_manager_tests.cpp.o
[364/422] Building CXX object CMakeFiles/perft_tests.dir/tests/unit/rules/perft_tests.cpp.o
[365/422] Building CXX object CMakeFiles/koi_strength_tests.dir/tests/unit/search/koi_strength_tests.cpp.o
[366/422] Building CXX object CMakeFiles/koi_replay_tests.dir/tests/integration/tools/koi_replay_tests.cpp.o
[367/422] Building CXX object CMakeFiles/koi_nnue_fixture_tests.dir/tests/integration/tools/koi_nnue_fixture_tests.cpp.o
[368/422] Building CXX object CMakeFiles/uci_match_fixture.dir/tests/integration/tools/uci_match_fixture.cpp.o
[369/422] Building CXX object CMakeFiles/koi_perft.dir/tools/engine/perft.cpp.o
[370/422] Building CXX object CMakeFiles/koi_eval_features.dir/tools/engine/koi_eval_features.cpp.o
[371/422] Building CXX object CMakeFiles/koi_bench.dir/tools/engine/koi_bench.cpp.o
[372/422] Building CXX object CMakeFiles/koi_engine.dir/src/main.cpp.o
[373/422] Building CXX object CMakeFiles/koi_engine_avx2.dir/src/main.cpp.o
[374/422] Linking CXX executable koi_gpu_probe
[375/422] Building CXX object CMakeFiles/koi_engine_avx512.dir/src/main.cpp.o
[376/422] Linking CXX executable gpu_nnue_tests
[377/422] Linking CXX executable koi_shadow_diff_tests
lto-wrapper: warning: using serial compilation of 3 LTRANS jobs
lto-wrapper: note: see the ‘-flto’ option documentation for more information
[378/422] Linking CXX executable koi_core_tests
lto-wrapper: warning: using serial compilation of 3 LTRANS jobs
lto-wrapper: note: see the ‘-flto’ option documentation for more information
[379/422] Linking CXX executable evaluation_boundary_tests
lto-wrapper: warning: using serial compilation of 2 LTRANS jobs
lto-wrapper: note: see the ‘-flto’ option documentation for more information
[380/422] Linking CXX executable evaluation_architecture_tests
lto-wrapper: warning: using serial compilation of 2 LTRANS jobs
lto-wrapper: note: see the ‘-flto’ option documentation for more information
[381/422] Linking CXX executable koi_cpu_features_tests
[382/422] Linking CXX executable koi_cpu_variant_tests
[383/422] Linking CXX executable nnue_boundary_tests
lto-wrapper: warning: using serial compilation of 6 LTRANS jobs
lto-wrapper: note: see the ‘-flto’ option documentation for more information
[384/422] Linking CXX executable syzygy_tablebase_tests
lto-wrapper: warning: using serial compilation of 3 LTRANS jobs
lto-wrapper: note: see the ‘-flto’ option documentation for more information
[385/422] Linking CXX executable koi_rules_tests
lto-wrapper: warning: using serial compilation of 3 LTRANS jobs
lto-wrapper: note: see the ‘-flto’ option documentation for more information
[386/422] Linking CXX executable native_rule_state_tests
lto-wrapper: warning: using serial compilation of 3 LTRANS jobs
lto-wrapper: note: see the ‘-flto’ option documentation for more information
[387/422] Linking CXX executable opening_book_tests
lto-wrapper: warning: using serial compilation of 3 LTRANS jobs
lto-wrapper: note: see the ‘-flto’ option documentation for more information
[388/422] Linking CXX executable completion_gate_tests
lto-wrapper: warning: using serial compilation of 3 LTRANS jobs
lto-wrapper: note: see the ‘-flto’ option documentation for more information
[389/422] Linking CXX executable uci_controller_tests
lto-wrapper: warning: using serial compilation of 16 LTRANS jobs
lto-wrapper: note: see the ‘-flto’ option documentation for more information
[390/422] Linking CXX executable search_ordering_tests
lto-wrapper: warning: using serial compilation of 3 LTRANS jobs
lto-wrapper: note: see the ‘-flto’ option documentation for more information
[391/422] Linking CXX executable koi_search_tests
lto-wrapper: warning: using serial compilation of 18 LTRANS jobs
lto-wrapper: note: see the ‘-flto’ option documentation for more information
[392/422] Linking CXX executable search_architecture_tests
lto-wrapper: warning: using serial compilation of 2 LTRANS jobs
lto-wrapper: note: see the ‘-flto’ option documentation for more information
[393/422] Linking CXX executable search_policy_tests
[394/422] Linking CXX executable search_runtime_tests
[395/422] Linking CXX executable static_exchange_tests
lto-wrapper: warning: using serial compilation of 2 LTRANS jobs
lto-wrapper: note: see the ‘-flto’ option documentation for more information
[396/422] Linking CXX executable transposition_table_tests
[397/422] Linking CXX executable search_service_tests
lto-wrapper: warning: using serial compilation of 11 LTRANS jobs
lto-wrapper: note: see the ‘-flto’ option documentation for more information
[398/422] Linking CXX executable koi_soak_tests
lto-wrapper: warning: using serial compilation of 10 LTRANS jobs
lto-wrapper: note: see the ‘-flto’ option documentation for more information
[399/422] Linking CXX executable classical_evaluator_tests
lto-wrapper: warning: using serial compilation of 2 LTRANS jobs
lto-wrapper: note: see the ‘-flto’ option documentation for more information
[400/422] Linking CXX executable evaluation_features_tests
lto-wrapper: warning: using serial compilation of 2 LTRANS jobs
lto-wrapper: note: see the ‘-flto’ option documentation for more information
[401/422] Linking CXX executable time_manager_tests
[402/422] Linking CXX executable policy_value_model_tests
lto-wrapper: warning: using serial compilation of 2 LTRANS jobs
lto-wrapper: note: see the ‘-flto’ option documentation for more information
[403/422] Linking CXX executable perft_tests
lto-wrapper: warning: using serial compilation of 2 LTRANS jobs
lto-wrapper: note: see the ‘-flto’ option documentation for more information
[404/422] Linking CXX executable koi_replay_tests
[405/422] Linking CXX executable koi_nnue_fixture_tests
[406/422] Linking CXX executable uci_match_fixture
[407/422] Linking CXX executable koi-perft
lto-wrapper: warning: using serial compilation of 2 LTRANS jobs
lto-wrapper: note: see the ‘-flto’ option documentation for more information
[408/422] Linking CXX executable koi_strength_tests
lto-wrapper: warning: using serial compilation of 11 LTRANS jobs
lto-wrapper: note: see the ‘-flto’ option documentation for more information
[409/422] Linking CXX executable koi-eval-features
lto-wrapper: warning: using serial compilation of 2 LTRANS jobs
lto-wrapper: note: see the ‘-flto’ option documentation for more information
[410/422] Linking CXX executable koi-bench
lto-wrapper: warning: using serial compilation of 13 LTRANS jobs
lto-wrapper: note: see the ‘-flto’ option documentation for more information
[411/422] Linking CXX executable koi-engine
lto-wrapper: warning: using serial compilation of 14 LTRANS jobs
lto-wrapper: note: see the ‘-flto’ option documentation for more information
[412/422] Linking CXX executable koi-engine-avx2
lto-wrapper: warning: using serial compilation of 14 LTRANS jobs
lto-wrapper: note: see the ‘-flto’ option documentation for more information
[413/422] Building CXX object 'CMakeFiles/koi_core@synth_0.dir/50d750392967.bmi'
[414/422] Building CXX object 'CMakeFiles/koi_core@synth_0.dir/21cb53cb81a3.bmi'
[415/422] Building CXX object 'CMakeFiles/koi_core@synth_0.dir/553d4bb01c98.bmi'
[416/422] Building CXX object 'CMakeFiles/koi_core@synth_0.dir/be2b3403f44e.bmi'
[417/422] Building CXX object 'CMakeFiles/koi_core@synth_0.dir/352870db59ea.bmi'
[418/422] Building CXX object 'CMakeFiles/koi_core@synth_0.dir/6685169803f9.bmi'
[419/422] Building CXX object 'CMakeFiles/koi_core@synth_0.dir/fe862c1ae4c7.bmi'
[420/422] Building CXX object CMakeFiles/koi_module_tests.dir/tests/unit/core/koi_module_tests.cpp.o
[421/422] Linking CXX executable koi_module_tests
[422/422] Linking CXX executable koi-engine-avx512
lto-wrapper: warning: using serial compilation of 14 LTRANS jobs
lto-wrapper: note: see the ‘-flto’ option documentation for more information
+ ctest --test-dir build/roadmap-linux-release -C Release -j 2 --output-on-failure
Test project /work/build/roadmap-linux-release
      Start  1: koi_gpu_probe
      Start  2: gpu_nnue_tests
 1/72 Test  #1: koi_gpu_probe ......................   Passed    0.01 sec
      Start  3: koi_shadow_diff_tests
 2/72 Test  #2: gpu_nnue_tests .....................   Passed    0.01 sec
      Start  4: koi_core_tests
 3/72 Test  #3: koi_shadow_diff_tests ..............   Passed    0.02 sec
      Start  5: evaluation_boundary_tests
 4/72 Test  #5: evaluation_boundary_tests ..........   Passed    0.01 sec
      Start  6: evaluation_architecture_tests
 5/72 Test  #6: evaluation_architecture_tests ......   Passed    0.01 sec
      Start  7: nnue_boundary_tests
 6/72 Test  #4: koi_core_tests .....................   Passed    0.22 sec
      Start  8: koi_cpu_features_tests
 7/72 Test  #8: koi_cpu_features_tests .............   Passed    0.01 sec
      Start  9: koi_cpu_variant_tests
 8/72 Test  #9: koi_cpu_variant_tests ..............   Passed    0.01 sec
      Start 10: koi_module_tests
 9/72 Test #10: koi_module_tests ...................   Passed    0.01 sec
      Start 11: syzygy_tablebase_tests
10/72 Test #11: syzygy_tablebase_tests .............   Passed    0.06 sec
      Start 12: koi_rules_tests
11/72 Test  #7: nnue_boundary_tests ................   Passed    0.26 sec
      Start 13: native_rule_state_tests
12/72 Test #12: koi_rules_tests ....................   Passed    0.01 sec
      Start 14: opening_book_tests
13/72 Test #13: native_rule_state_tests ............   Passed    0.01 sec
      Start 15: uci_controller_tests
14/72 Test #14: opening_book_tests .................   Passed    0.02 sec
      Start 16: completion_gate_tests
15/72 Test #16: completion_gate_tests ..............   Passed    0.01 sec
      Start 21: search_ordering_tests
16/72 Test #21: search_ordering_tests ..............   Passed    0.01 sec
      Start 22: search_architecture_tests
17/72 Test #22: search_architecture_tests ..........   Passed    0.01 sec
      Start 23: search_policy_tests
18/72 Test #23: search_policy_tests ................   Passed    0.01 sec
      Start 24: search_runtime_tests
19/72 Test #24: search_runtime_tests ...............   Passed    0.01 sec
      Start 25: static_exchange_tests
20/72 Test #25: static_exchange_tests ..............   Passed    0.01 sec
      Start 26: transposition_table_tests
21/72 Test #26: transposition_table_tests ..........   Passed    0.02 sec
      Start 27: search_service_tests
22/72 Test #27: search_service_tests ...............   Passed    0.19 sec
      Start 28: koi_soak_tests
23/72 Test #28: koi_soak_tests .....................   Passed    1.28 sec
      Start 29: classical_evaluator_tests
24/72 Test #29: classical_evaluator_tests ..........   Passed    0.01 sec
      Start 30: evaluation_features_tests
25/72 Test #30: evaluation_features_tests ..........   Passed    0.01 sec
      Start 31: policy_value_model_tests
26/72 Test #31: policy_value_model_tests ...........   Passed    1.35 sec
      Start 32: time_manager_tests
27/72 Test #32: time_manager_tests .................   Passed    0.01 sec
      Start 34: perft_tests
28/72 Test #34: perft_tests ........................   Passed    0.14 sec
      Start 35: koi_replay_tests
29/72 Test #35: koi_replay_tests ...................   Passed    0.11 sec
      Start 36: koi_nnue_fixture_tests
30/72 Test #15: uci_controller_tests ...............   Passed    3.75 sec
      Start 38: koi_engine_variant_process
31/72 Test #38: koi_engine_variant_process .........   Passed    1.65 sec
      Start 39: koi_engine_en_croissant_process
32/72 Test #39: koi_engine_en_croissant_process ....   Passed    0.80 sec
      Start 42: koi_uci_match_process
33/72 Test #36: koi_nnue_fixture_tests .............   Passed    4.46 sec
      Start 43: koi_stockfish_strength_option
34/72 Test #43: koi_stockfish_strength_option ......   Passed    2.53 sec
      Start 45: koi_sprt_compare_decision
35/72 Test #45: koi_sprt_compare_decision ..........   Passed    0.53 sec
      Start 46: release_candidate_games_python
36/72 Test #46: release_candidate_games_python .....   Passed    0.71 sec
      Start 47: release_strength_openings_python
37/72 Test #47: release_strength_openings_python ...   Passed    0.45 sec
      Start 48: strength_bound_python
38/72 Test #48: strength_bound_python ..............   Passed    2.82 sec
      Start 49: elo_oracle_python
39/72 Test #49: elo_oracle_python ..................   Passed    2.78 sec
      Start 50: elo_estimate_python
40/72 Test #50: elo_estimate_python ................   Passed    2.16 sec
      Start 51: stockfish_match_python
41/72 Test #51: stockfish_match_python .............   Passed    0.22 sec
      Start 52: elo_openings_python
42/72 Test #52: elo_openings_python ................   Passed    0.41 sec
      Start 53: tune_eval_python
43/72 Test #53: tune_eval_python ...................   Passed    0.60 sec
      Start 54: nnue_training_python
44/72 Test #54: nnue_training_python ...............   Passed    1.38 sec
      Start 55: nnue_wrapper_python
45/72 Test #55: nnue_wrapper_python ................   Passed    0.35 sec
      Start 56: koi_dataset_python
46/72 Test #56: koi_dataset_python .................   Passed    3.91 sec
      Start 57: koi_chess_python
47/72 Test #57: koi_chess_python ...................   Passed    8.17 sec
      Start 58: koi_chess_pgn_python
48/72 Test #58: koi_chess_pgn_python ...............   Passed    0.27 sec
      Start 59: koi_chess_engine_python
49/72 Test #59: koi_chess_engine_python ............   Passed    0.36 sec
      Start 60: gen_training_data_python
50/72 Test #60: gen_training_data_python ...........   Passed    0.27 sec
      Start 61: measurement_phase_python
51/72 Test #61: measurement_phase_python ...........   Passed    0.77 sec
      Start 62: measurement_forensics_python
52/72 Test #62: measurement_forensics_python .......   Passed    1.91 sec
      Start 63: uci_benchmark_python
53/72 Test #63: uci_benchmark_python ...............   Passed    0.92 sec
      Start 64: policy_value_dataset_python
54/72 Test #64: policy_value_dataset_python ........   Passed    0.16 sec
      Start 65: policy_value_model_python
55/72 Test #42: koi_uci_match_process ..............   Passed   33.34 sec
      Start 66: policy_value_trainer_python
56/72 Test #65: policy_value_model_python ..........   Passed    0.83 sec
      Start 67: strength_report_python
57/72 Test #66: policy_value_trainer_python ........***Failed    0.81 sec
test_cpu_training_exports_reloadable_model_and_reproducible_metadata (tests.python.measurement.train_policy_value_test.TrainPolicyValueTests) ... ERROR
test_cuda_provenance_has_build_and_bounded_driver_fields (tests.python.measurement.train_policy_value_test.TrainPolicyValueTests) ... ERROR
test_cuda_sync_helper_calls_torch_synchronize_without_gpu_execution (tests.python.measurement.train_policy_value_test.TrainPolicyValueTests) ... skipped 'PyTorch is not installed'
test_cuda_workspace_is_set_before_availability_check (tests.python.measurement.train_policy_value_test.TrainPolicyValueTests) ... skipped 'PyTorch is not installed'
test_cuda_workspace_rejects_initialized_cuda_with_incompatible_config (tests.python.measurement.train_policy_value_test.TrainPolicyValueTests) ... skipped 'PyTorch is not installed'
test_metadata_replace_failure_preserves_previous_file_and_cleans_temp (tests.python.measurement.train_policy_value_test.TrainPolicyValueTests) ... ok
test_missing_torch_has_a_clear_training_error (tests.python.measurement.train_policy_value_test.TrainPolicyValueTests) ... ok
test_module_imports_when_torch_is_unavailable (tests.python.measurement.train_policy_value_test.TrainPolicyValueTests) ... ok
test_rejects_game_or_opening_leakage_between_splits (tests.python.measurement.train_policy_value_test.TrainPolicyValueTests) ... skipped 'PyTorch is not installed'
test_rejects_incomplete_legal_move_list (tests.python.measurement.train_policy_value_test.TrainPolicyValueTests) ... skipped 'PyTorch is not installed'
test_rejects_resolved_output_path_collisions_before_writing (tests.python.measurement.train_policy_value_test.TrainPolicyValueTests) ... skipped 'PyTorch is not installed'

======================================================================
ERROR: test_cpu_training_exports_reloadable_model_and_reproducible_metadata (tests.python.measurement.train_policy_value_test.TrainPolicyValueTests)
----------------------------------------------------------------------
Traceback (most recent call last):
  File "/work/tests/python/measurement/train_policy_value_test.py", line 205, in test_cpu_training_exports_reloadable_model_and_reproducible_metadata
    metrics = self.trainer.train_policy_value(
  File "/work/tools/measurement/train_policy_value.py", line 325, in train_policy_value
    _require_torch()
  File "/work/tools/measurement/train_policy_value.py", line 59, in _require_torch
    raise RuntimeError("PyTorch is required to train a Koi policy/value model; install the optional training dependency")
RuntimeError: PyTorch is required to train a Koi policy/value model; install the optional training dependency

======================================================================
ERROR: test_cuda_provenance_has_build_and_bounded_driver_fields (tests.python.measurement.train_policy_value_test.TrainPolicyValueTests)
----------------------------------------------------------------------
Traceback (most recent call last):
  File "/work/tests/python/measurement/train_policy_value_test.py", line 183, in test_cuda_provenance_has_build_and_bounded_driver_fields
    metadata = self.trainer._cuda_provenance()
  File "/work/tools/measurement/train_policy_value.py", line 208, in _cuda_provenance
    "cuda_build_version": str(torch.version.cuda) if torch.version.cuda is not None else None,
AttributeError: 'NoneType' object has no attribute 'version'

----------------------------------------------------------------------
Ran 11 tests in 0.516s

FAILED (errors=2, skipped=6)

      Start 68: nnue_studio_python
58/72 Test #67: strength_report_python .............   Passed    0.52 sec
      Start 69: nnue_studio_ui_python
59/72 Test #68: nnue_studio_python .................   Passed    1.01 sec
      Start 70: koi_trainer_python
60/72 Test #70: koi_trainer_python .................   Passed    0.38 sec
      Start 71: tune_classical_python
61/72 Test #69: nnue_studio_ui_python ..............   Passed    0.97 sec
      Start 72: bullet_data_python
62/72 Test #71: tune_classical_python ..............   Passed    0.28 sec
63/72 Test #72: bullet_data_python .................   Passed    0.58 sec
      Start 17: koi_search_tests_1of4
64/72 Test #17: koi_search_tests_1of4 ..............   Passed   43.29 sec
      Start 18: koi_search_tests_2of4
65/72 Test #18: koi_search_tests_2of4 ..............   Passed    9.40 sec
      Start 19: koi_search_tests_3of4
66/72 Test #19: koi_search_tests_3of4 ..............   Passed   43.07 sec
      Start 20: koi_search_tests_4of4
67/72 Test #20: koi_search_tests_4of4 ..............   Passed   49.92 sec
      Start 33: koi_strength_tests
68/72 Test #33: koi_strength_tests .................   Passed    2.10 sec
      Start 37: koi_engine_process
69/72 Test #37: koi_engine_process .................   Passed    2.18 sec
      Start 40: koi_engine_time_safety_process
70/72 Test #40: koi_engine_time_safety_process .....   Passed   11.71 sec
      Start 41: koi_benchmark_process
71/72 Test #41: koi_benchmark_process ..............   Passed   22.68 sec
      Start 44: koi_uci_match_clock
72/72 Test #44: koi_uci_match_clock ................   Passed   67.94 sec
99% tests passed, 1 tests failed out of 72

Label Time Summary:
evaluation     =   1.66 sec*proc (6 tests)
heavy          = 364.33 sec*proc (7 tests)
integration    =   4.59 sec*proc (3 tests)
matches        = 172.27 sec*proc (4 tests)
measurement    =   5.49 sec*proc (5 tests)
process        = 245.68 sec*proc (9 tests)
python         =  33.99 sec*proc (27 tests)
rules          =   0.02 sec*proc (1 test)
runtime        =   5.06 sec*proc (5 tests)
search         = 295.75 sec*proc (6 tests)
tools          =  49.93 sec*proc (3 tests)
uci            =  28.05 sec*proc (4 tests)
unit           = 303.00 sec*proc (32 tests)

Total Test time (real) = 295.09 sec

The following tests FAILED:
	 66 - policy_value_trainer_python (Failed)              measurement python
Errors while running CTest
